{
    "torch-ver": "c8cd883",
    "cudnn-ver": "8005",
    "device": "Tesla V100-SXM2-16GB",
    "dtype": "torch.float16",
    "memory_format": "torch.channels_last_3d",
    "operator": "<class 'torch.nn.modules.conv.Conv3d'>",
    "(2, 4, 128, 32, 3, 1, 1)": {
        "contiguous-forward": 5.542082786560059,
        "contiguous-backward": 16.75424575805664,
        "channels-last-3d-forward": 5.3808677196502686,
        "channels-last-3d-backward": 14.830478429794312
    },
    "(2, 32, 128, 32, 3, 1, 1)": {
        "contiguous-forward": 8.574912548065186,
        "contiguous-backward": 19.55510139465332,
        "channels-last-3d-forward": 6.957337856292725,
        "channels-last-3d-backward": 16.682722568511963
    },
    "(2, 32, 128, 64, 3, 1, 2)": {
        "contiguous-forward": 2.4094974994659424,
        "contiguous-backward": 8.17334771156311,
        "channels-last-3d-forward": 1.4135384559631348,
        "channels-last-3d-backward": 6.463642120361328
    },
    "(2, 64, 64, 64, 3, 1, 1)": {
        "contiguous-forward": 2.371366024017334,
        "contiguous-backward": 5.342721939086914,
        "channels-last-3d-forward": 1.9375741481781006,
        "channels-last-3d-backward": 4.61991548538208
    },
    "(2, 64, 64, 128, 3, 1, 2)": {
        "contiguous-forward": 0.7285428047180176,
        "contiguous-backward": 2.3626315593719482,
        "channels-last-3d-forward": 0.48299312591552734,
        "channels-last-3d-backward": 1.9137632846832275
    },
    "(2, 128, 32, 128, 3, 1, 1)": {
        "contiguous-forward": 1.0357356071472168,
        "contiguous-backward": 2.018744945526123,
        "channels-last-3d-forward": 0.9213995933532715,
        "channels-last-3d-backward": 1.8491923809051514
    },
    "(2, 128, 32, 256, 3, 1, 2)": {
        "contiguous-forward": 0.26685476303100586,
        "contiguous-backward": 0.7816541194915771,
        "channels-last-3d-forward": 0.19953250885009766,
        "channels-last-3d-backward": 0.6484925746917725
    },
    "(2, 256, 16, 256, 3, 1, 1)": {
        "contiguous-forward": 0.41268110275268555,
        "contiguous-backward": 0.9394657611846924,
        "channels-last-3d-forward": 0.38223743438720703,
        "channels-last-3d-backward": 0.8677256107330322
    },
    "(2, 256, 16, 512, 3, 1, 2)": {
        "contiguous-forward": 0.19585967063903809,
        "contiguous-backward": 0.5211937427520752,
        "channels-last-3d-forward": 0.15787363052368164,
        "channels-last-3d-backward": 0.44305920600891113
    },
    "(2, 512, 8, 512, 3, 1, 1)": {
        "contiguous-forward": 0.3487277030944824,
        "contiguous-backward": 0.6729304790496826,
        "channels-last-3d-forward": 0.3060173988342285,
        "channels-last-3d-backward": 0.5724513530731201
    },
    "(2, 512, 8, 512, 3, 1, 2)": {
        "contiguous-forward": 0.13022422790527344,
        "contiguous-backward": 0.30870556831359863,
        "channels-last-3d-forward": 0.11567354202270508,
        "channels-last-3d-backward": 0.2099299430847168
    },
    "(2, 512, 4, 512, 3, 1, 1)": {
        "contiguous-forward": 0.1271200180053711,
        "contiguous-backward": 0.2713584899902344,
        "channels-last-3d-forward": 0.1131904125213623,
        "channels-last-3d-backward": 0.21599769592285156
    },
    "(2, 1024, 8, 512, 3, 1, 1)": {
        "contiguous-forward": 0.645148754119873,
        "contiguous-backward": 1.247420310974121,
        "channels-last-3d-forward": 0.567864179611206,
        "channels-last-3d-backward": 1.0648167133331299
    },
    "(2, 512, 16, 256, 3, 1, 1)": {
        "contiguous-forward": 0.7933950424194336,
        "contiguous-backward": 1.7781198024749756,
        "channels-last-3d-forward": 0.7396388053894043,
        "channels-last-3d-backward": 1.66060209274292
    },
    "(2, 256, 32, 128, 3, 1, 1)": {
        "contiguous-forward": 1.7730867862701416,
        "contiguous-backward": 3.4910035133361816,
        "channels-last-3d-forward": 1.6018080711364746,
        "channels-last-3d-backward": 3.2611382007598877
    },
    "(2, 128, 64, 64, 3, 1, 1)": {
        "contiguous-forward": 4.097943305969238,
        "contiguous-backward": 9.244769811630249,
        "channels-last-3d-forward": 3.4719371795654297,
        "channels-last-3d-backward": 8.174693584442139
    },
    "(2, 64, 128, 32, 3, 1, 1)": {
        "contiguous-forward": 11.897752285003662,
        "contiguous-backward": 35.245351791381836,
        "channels-last-3d-forward": 9.681493043899536,
        "channels-last-3d-backward": 30.38851261138916
    },
    "(2, 32, 128, 4, 1, 0, 1)": {
        "contiguous-forward": 1.7353487014770508,
        "contiguous-backward": 4.209635257720947,
        "channels-last-3d-forward": 1.1639225482940674,
        "channels-last-3d-backward": 2.9476451873779297
    },
    "(2, 32, 128, 64, 2, 0, 2)": {
        "contiguous-forward": 1.855299472808838,
        "contiguous-backward": 5.448638200759888,
        "channels-last-3d-forward": 0.8004128932952881,
        "channels-last-3d-backward": 4.6045005321502686
    },
    "(2, 64, 64, 128, 2, 0, 2)": {
        "contiguous-forward": 0.5280888080596924,
        "contiguous-backward": 1.8931114673614502,
        "channels-last-3d-forward": 0.2747035026550293,
        "channels-last-3d-backward": 1.4124608039855957
    },
    "(2, 128, 32, 256, 2, 0, 2)": {
        "contiguous-forward": 0.14660000801086426,
        "contiguous-backward": 0.490725040435791,
        "channels-last-3d-forward": 0.10845184326171875,
        "channels-last-3d-backward": 0.3553891181945801
    },
    "(2, 256, 16, 512, 2, 0, 2)": {
        "contiguous-forward": 0.1297450065612793,
        "contiguous-backward": 0.24238228797912598,
        "channels-last-3d-forward": 0.11564493179321289,
        "channels-last-3d-backward": 0.2392876148223877
    },
    "(2, 512, 8, 512, 2, 0, 2)": {
        "contiguous-forward": 0.12821197509765625,
        "contiguous-backward": 0.2308940887451172,
        "channels-last-3d-forward": 0.11296868324279785,
        "channels-last-3d-backward": 0.23236751556396484
    }
}