{
  "0": 548.9790439605713,
  "1": 721.3056087493896,
  "2": 534.1148376464844,
  "3": 1126.265525817871,
  "4": 544.6648597717285,
  "5": 645.0319290161133,
  "6": 482.14077949523926,
  "7": 975.9831428527832,
  "8": 768.4481143951416,
  "9": 768.1667804718018,
  "10": 1439.8980140686035,
  "11": 141.39771461486816,
  "12": 229.7210693359375,
  "13": 222.10240364074707,
  "14": 117.79427528381348,
  "15": 366.7902946472168,
  "16": 451.13325119018555,
  "17": 267.6224708557129,
  "18": 452.8188705444336,
  "19": 362.18762397766113,
  "20": 262.2246742248535,
  "21": 528.2747745513916,
  "22": 423.6161708831787,
  "23": 373.38733673095703,
  "24": 367.95735359191895,
  "25": 761.9166374206543,
  "26": 186.37776374816895,
  "27": 227.23674774169922,
  "28": 227.80299186706543,
  "29": 224.05028343200684,
  "30": 123.42453002929686,
  "31": 432.966947555542,
  "32": 435.7278347015381,
  "33": 396.6057300567627,
  "34": 255.5632591247559,
  "35": 433.46166610717773,
  "36": 391.5989398956299,
  "37": 340.29245376586914,
  "38": 391.2484645843506,
  "39": 339.8478031158447,
  "40": 241.6849136352539,
  "41": 477.82421112060547,
  "42": 473.9797115325928,
  "43": 373.52800369262695,
  "44": 532.839298248291,
  "45": 454.5009136199951,
  "46": 358.0975532531738,
  "47": 511.2183094024658,
  "48": 449.1996765136719,
  "49": 449.68605041503906,
  "50": 350.9855270385742,
  "51": 653.8963317871094,
  "52": 553.668737411499,
  "53": 605.0539016723633,
  "54": 611.7618083953857,
  "55": 588.991641998291,
  "56": 780.4536819458008,
  "57": 282.23395347595215,
  "58": 282.6380729675293,
  "59": 280.54356575012207,
  "60": 281.2635898590088,
  "61": 279.59227561950684,
  "62": 200.9737491607666,
  "63": 521.8541622161865,
  "64": 517.7199840545654,
  "65": 518.2039737701416,
  "66": 479.66718673706055,
  "67": 466.5637016296387,
  "68": 512.232780456543,
  "69": 510.38384437561035,
  "70": 473.21200370788574,
  "71": 464.6575450897217,
  "72": 509.33241844177246,
  "73": 471.5418815612793,
  "74": 465.3775691986084,
  "75": 469.282865524292,
  "76": 465.1916027069092,
  "77": 386.2345218658447,
  "78": 735.5022430419922,
  "79": 736.3760471343994,
  "80": 735.2745532989502,
  "81": 656.4593315124512,
  "82": 726.313591003418,
  "83": 667.4706935882568,
  "84": 654.1883945465088,
  "85": 667.2704219818115,
  "86": 656.0730934143066,
  "87": 647.7236747741699,
  "88": 722.8291034698486,
  "89": 662.006139755249,
  "90": 648.1742858886719,
  "91": 662.2135639190674,
  "92": 652.2536277770996,
  "93": 648.7500667572021,
  "94": 659.4240665435791,
  "95": 649.338960647583,
  "96": 648.3149528503418,
  "97": 570.5821514129639,
  "98": 916.1782264709473,
  "99": 915.4856204986572,
  "100": 837.7325534820557,
  "101": 1014.268398284912,
  "102": 934.8177909851074,
  "103": 920.708179473877,
  "104": 1002.1984577178954,
  "105": 922.6977825164795,
  "106": 915.0338172912598,
  "107": 913.7725830078125,
  "108": 1000.3328323364258,
  "109": 921.7464923858643,
  "110": 911.8127822875977,
  "111": 916.208028793335,
  "112": 908.1947803497314,
  "113": 1237.0169162750244,
  "114": 1158.616542816162,
  "115": 1148.7352848052979,
  "116": 1153.630018234253,
  "117": 1145.1387405395508,
  "118": 1236.0048294067383,
  "119": 1354.2437553405762,
  "120": 925.4372119903564,
  "121": 1145.0767517089844,
  "122": 857.8884601593018,
  "123": 1773.747205734253,
  "124": 971.3494777679443,
  "125": 1088.9387130737305,
  "126": 852.0412445068359,
  "127": 1592.954397201538,
  "128": 1316.0920143127441,
  "129": 1309.9133968353271,
  "130": 2359.2913150787354,
  "131": 230.28135299682617,
  "132": 415.6649112701416,
  "133": 415.6649112701416,
  "134": 216.45784378051758,
  "135": 621.0899353027344,
  "136": 712.5842571258545,
  "137": 455.9624195098877,
  "138": 682.6579570770264,
  "139": 645.7579135894775,
  "140": 451.2917995452881,
  "141": 929.1017055511475,
  "142": 728.6882400512695,
  "143": 660.5863571166992,
  "144": 654.7343730926514,
  "145": 1353.898048400879,
  "146": 274.34229850769043,
  "147": 423.14767837524414,
  "148": 420.0887680053711,
  "149": 421.1592674255371,
  "150": 225.4021167755127,
  "151": 753.6542415618896,
  "152": 734.5283031463623,
  "153": 713.6356830596924,
  "154": 468.1241512298584,
  "155": 707.6764106750488,
  "156": 689.3348693847656,
  "157": 649.4808197021484,
  "158": 686.4678859710693,
  "159": 650.6991386413574,
  "160": 454.3626308441162,
  "161": 940.3383731842041,
  "162": 940.0296211242676,
  "163": 746.6983795166016,
  "164": 961.1988067626953,
  "165": 866.5597438812256,
  "166": 677.8132915496826,
  "167": 943.1266784667969,
  "168": 862.2467517852783,
  "169": 860.743522644043,
  "170": 666.5515899658203,
  "171": 1342.4193859100342,
  "172": 1149.1727828979492,
  "173": 1084.2454433441162,
  "174": 1086.7011547088623,
  "175": 1064.6474361419678,
  "176": 1387.5091075897217,
  "177": 538.4540557861328,
  "178": 587.8829956054688,
  "179": 585.1376056671143,
  "180": 585.2758884429932,
  "181": 586.5442752838135,
  "182": 435.0018501281738,
  "183": 958.479642868042,
  "184": 977.3755073547363,
  "185": 971.4758396148682,
  "186": 964.1242027282715,
  "187": 883.1167221069336,
  "188": 962.60666847229,
  "189": 967.5836563110352,
  "190": 960.0400924682617,
  "191": 932.6076507568359,
  "192": 953.141450881958,
  "193": 947.9105472564697,
  "194": 932.2571754455566,
  "195": 948.0154514312744,
  "196": 931.9436550140381,
  "197": 781.1057567596436,
  "198": 1330.723762512207,
  "199": 1330.254077911377,
  "200": 1332.1256637573242,
  "201": 1180.1457405090332,
  "202": 1323.9240646362305,
  "203": 1315.2360916137695,
  "204": 1282.2318077087402,
  "205": 1309.1862201690674,
  "206": 1280.8454036712646,
  "207": 1227.2632122039795,
  "208": 1318.0875778198242,
  "209": 1299.5433807373047,
  "210": 1277.463436126709,
  "211": 1306.135654449463,
  "212": 1278.7771224975586,
  "213": 1276.5657901763916,
  "214": 1291.205883026123,
  "215": 1277.1928310394287,
  "216": 1276.4620780944824,
  "217": 1125.0388622283936,
  "218": 1692.488193511963,
  "219": 1692.7039623260498,
  "220": 1540.898084640503,
  "221": 1875.2753734588623,
  "222": 1724.9119281768799,
  "223": 1725.3518104553223,
  "224": 1864.321231842041,
  "225": 1713.8361930847168,
  "226": 1719.191074371338,
  "227": 1711.0133171081543,
  "228": 1859.3358993530273,
  "229": 1708.7340354919434,
  "230": 1712.8431797027588,
  "231": 1714.7624492645264,
  "232": 1703.4327983856201,
  "233": 2229.0194034576416,
  "234": 2078.293561935425,
  "235": 2082.388401031494,
  "236": 2085.956335067749,
  "237": 2072.986364364624,
  "238": 2253.856658935547,
  "239": 2453.0959129333496,
  "240": 5044.761896133423,
  "241": 1465.7831192016602,
  "242": 1371.8760013580322,
  "243": 2440.234422683716,
  "244": 1448.6706256866455,
  "245": 1568.4163570404053,
  "246": 1336.730718612671,
  "247": 1864.3558025360107,
  "248": 2057.5833320617676,
  "249": 1962.8751277923584,
  "250": 3273.6217975616455,
  "251": 847.4409580230713,
  "252": 823.143720626831,
  "253": 823.0948448181152,
  "254": 623.9151954650879,
  "255": 896.679162979126,
  "256": 1073.845624923706,
  "257": 837.8863334655762,
  "258": 1056.1597347259521,
  "259": 1017.2522068023682,
  "260": 822.7658271789551,
  "261": 1265.559196472168,
  "262": 1241.0914897918701,
  "263": 1049.875020980835,
  "264": 1016.7956352233887,
  "265": 2196.197509765625,
  "266": 780.8578014373779,
  "267": 780.407190322876,
  "268": 776.6234874725342,
  "269": 777.7261734008789,
  "270": 581.4635753631592,
  "271": 962.3777866363525,
  "272": 1078.4876346588135,
  "273": 1051.8836975097656,
  "274": 808.8970184326172,
  "275": 1051.8467426300049,
  "276": 1034.3170166015625,
  "277": 996.6421127319337,
  "278": 1029.8550128936768,
  "279": 995.1579570770264,
  "280": 800.4391193389893,
  "281": 1074.141263961792,
  "282": 1074.056625366211,
  "283": 1070.4493522644043,
  "284": 1301.8465042114258,
  "285": 1208.6987495422363,