{
  "0": 535.8803272247314,
  "1": 721.4951515197754,
  "2": 535.4869365692139,
  "3": 1123.0051517486572,
  "4": 545.8307266235352,
  "5": 646.132230758667,
  "6": 483.28161239624023,
  "7": 963.517427444458,
  "8": 802.4692535400391,
  "9": 883.3408355712891,
  "10": 1433.9876174926758,
  "11": 139.21856880187988,
  "12": 231.6129207611084,
  "13": 222.54109382629395,
  "14": 117.69652366638184,
  "15": 368.70598793029785,
  "16": 359.19785499572754,
  "17": 254.76932525634763,
  "18": 429.70895767211914,
  "19": 325.14452934265137,
  "20": 325.9730339050293,
  "21": 530.543327331543,
  "22": 425.1539707183838,
  "23": 369.68350410461426,
  "24": 354.5701503753662,
  "25": 761.8069648742676,
  "26": 186.73300743103027,
  "27": 228.89256477355957,
  "28": 229.80690002441406,
  "29": 224.32923316955566,
  "30": 123.61049652099611,
  "31": 435.18662452697754,
  "32": 436.2916946411133,
  "33": 430.7746887207031,
  "34": 330.1668167114258,
  "35": 457.98301696777344,
  "36": 452.94761657714844,
  "37": 351.9868850708008,
  "38": 452.6257514953613,
  "39": 351.75204277038574,
  "40": 352.4899482727051,
  "41": 482.2349548339844,
  "42": 476.61304473876953,
  "43": 376.21021270751953,
  "44": 490.27204513549805,
  "45": 389.7249698638916,
  "46": 379.5015811920166,
  "47": 473.7377166748047,
  "48": 372.6661205291748,
  "49": 358.2954406738281,
  "50": 356.8100929260254,
  "51": 652.8902053833008,
  "52": 552.603006362915,
  "53": 604.1991710662842,
  "54": 611.0119819641113,
  "55": 586.4369869232178,
  "56": 781.3811302185059,
  "57": 282.1969985961914,
  "58": 283.4784984588623,
  "59": 281.30412101745605,
  "60": 281.22901916503906,
  "61": 279.4969081878662,
  "62": 200.99639892578125,
  "63": 522.2928524017334,
  "64": 519.3221569061279,
  "65": 519.7548866271973,
  "66": 518.8179016113281,
  "67": 441.13636016845703,
  "68": 608.8674068450928,
  "69": 609.3382835388184,
  "70": 607.224702835083,
  "71": 531.1846733093262,
  "72": 607.6490879058838,
  "73": 606.0171127319336,
  "74": 528.7468433380127,
  "75": 606.3497066497803,
  "76": 527.7061462402344,
  "77": 529.9592018127441,
  "78": 747.154951095581,
  "79": 747.4088668823242,
  "80": 746.3109493255615,
  "81": 669.0812110900879,
  "82": 819.9512958526611,
  "83": 818.0880546569824,
  "84": 739.7854328155518,
  "85": 815.6228065490723,
  "86": 737.0424270629883,
  "87": 729.759931564331,
  "88": 813.6796951293945,
  "89": 812.2694492340088,
  "90": 734.0466976165771,
  "91": 815.0315284729004,
  "92": 737.762451171875,
  "93": 731.581449508667,
  "94": 806.9753646850586,
  "95": 728.8074493408203,
  "96": 725.8164882659912,
  "97": 726.2551784515381,
  "98": 920.8619594573975,
  "99": 919.3205833435059,
  "100": 840.684175491333,
  "101": 1026.6995429992676,
  "102": 947.6220607757568,
  "103": 936.1350536346436,
  "104": 1001.9385814666749,
  "105": 923.7086772918701,
  "106": 915.8384799957275,
  "107": 914.4115447998047,
  "108": 999.2444515228271,
  "109": 921.1599826812744,
  "110": 911.5135669708252,
  "111": 917.0389175415039,
  "112": 908.1566333770752,
  "113": 1236.18483543396,
  "114": 1158.3399772644043,
  "115": 1148.993968963623,
  "116": 1153.9852619171143,
  "117": 1145.4105377197266,
  "118": 1236.4232540130615,
  "119": 1354.5942306518555,
  "120": 924.1902828216553,
  "121": 1145.2174186706543,
  "122": 858.5691452026367,
  "123": 1776.4043807983398,
  "124": 973.1948375701904,
  "125": 1085.1812362670898,
  "126": 851.1483669281006,
  "127": 1588.8464450836182,
  "128": 1355.4811477661133,
  "129": 1544.8760986328125,
  "130": 2359.060049057007,
  "131": 229.76398468017578,
  "132": 415.956974029541,
  "133": 415.97962379455566,
  "134": 216.47930145263672,
  "135": 620.4140186309814,
  "136": 620.3591823577881,
  "137": 421.54788970947266,
  "138": 837.6455307006836,
  "139": 638.7603282928467,
  "140": 634.5462799072266,
  "141": 936.1326694488525,
  "142": 737.0245456695557,
  "143": 880.1364898681641,
  "144": 862.7939224243164,
  "145": 1360.6441020965576,
  "146": 273.53763580322266,
  "147": 423.3217239379883,
  "148": 419.8586940765381,
  "149": 420.9470748901367,
  "150": 225.40688514709473,
  "151": 754.326581954956,
  "152": 750.5524158477783,
  "153": 752.1295547485352,
  "154": 556.0100078582764,
  "155": 868.6017990112305,
  "156": 869.5971965789795,
  "157": 673.8197803497314,
  "158": 866.9829368591309,
  "159": 671.2198257446289,
  "160": 671.2102890014648,
  "161": 941.2956237792969,
  "162": 942.8548812866211,
  "163": 746.3490962982178,
  "164": 1145.2651023864746,
  "165": 949.6772289276123,
  "166": 946.5324878692627,
  "167": 1119.6887493133545,
  "168": 924.2641925811768,
  "169": 925.1570701599121,
  "170": 913.4244918823242,
  "171": 1339.1530513763428,
  "172": 1140.9664154052734,
  "173": 1079.9169540405273,
  "174": 1086.2231254577637,
  "175": 1065.6166076660156,
  "176": 1383.9757442474365,
  "177": 538.0034446716309,
  "178": 588.7186527252197,
  "179": 584.9289894104004,
  "180": 584.4330787658691,
  "181": 586.3142013549805,
  "182": 434.5858097076416,
  "183": 959.2914581298828,
  "184": 955.4445743560791,
  "185": 955.4612636566162,
  "186": 956.8929672241211,
  "187": 805.661678314209,
  "188": 1134.7293853759766,
  "189": 1134.2668533325195,
  "190": 1135.8654499053955,
  "191": 984.0154647827148,
  "192": 1132.5585842132568,
  "193": 1133.3608627319336,
  "194": 983.0760955810546,
  "195": 1133.1117153167725,
  "196": 982.1343421936035,
  "197": 982.1617603302001,
  "198": 1333.5061073303223,
  "199": 1333.8327407836914,
  "200": 1334.3989849090576,
  "201": 1182.863712310791,
  "202": 1520.3213691711426,
  "203": 1521.7125415802002,
  "204": 1370.2642917633057,
  "205": 1517.4245834350586,
  "206": 1366.3458824157715,
  "207": 1367.5010204315186,
  "208": 1513.7362480163574,
  "209": 1514.4288539886475,
  "210": 1363.2535934448242,
  "211": 1519.1102027893066,
  "212": 1367.6369190216064,
  "213": 1369.5108890533447,
  "214": 1507.2202682495117,
  "215": 1356.0152053833008,
  "216": 1362.677812576294,
  "217": 1360.6822490692139,
  "218": 1690.1469230651855,
  "219": 1690.5546188354492,
  "220": 1540.447473526001,
  "221": 1877.0718574523926,
  "222": 1725.8071899414062,
  "223": 1728.3046245574951,
  "224": 1863.3317947387695,
  "225": 1712.6727104187012,
  "226": 1717.9465293884277,
  "227": 1711.2648487091064,
  "228": 1859.1618537902832,
  "229": 1707.8578472137451,
  "230": 1711.6940021514893,
  "231": 1714.0865325927734,
  "232": 1703.2551765441895,
  "233": 2229.5355796813965,
  "234": 2078.099250793457,
  "235": 2081.6099643707275,
  "236": 2084.474563598633,
  "237": 2072.6966857910156,
  "238": 2253.21888923645,
  "239": 2453.702688217163,
  "240": 5055.767297744751,
  "241": 1468.338966369629,
  "242": 1371.140480041504,
  "243": 2440.4549598693848,
  "244": 1442.9080486297607,
  "245": 1563.3797645568848,
  "246": 1333.0745697021484,
  "247": 1862.4043464660645,
  "248": 1983.0715656280518,
  "249": 2136.6631984710693,
  "250": 3272.278308868408,
  "251": 846.785306930542,
  "252": 822.8147029876709,
  "253": 822.7312564849854,
  "254": 622.7993965148926,
  "255": 895.2677249908447,
  "256": 871.6392517089844,
  "257": 871.7453479766846,
  "258": 1011.3060474395753,
  "259": 1011.5706920623779,
  "260": 1011.7602348327637,
  "261": 1266.942024230957,
  "262": 1241.5409088134766,
  "263": 1092.2324657440186,
  "264": 1064.6939277648926,
  "265": 2202.486991882324,
  "266": 782.397985458374,
  "267": 779.7110080718994,
  "268": 776.4720916748047,
  "269": 777.6355743408203,
  "270": 581.0785293579102,
  "271": 963.5114669799805,
  "272": 963.0692005157471,
  "273": 959.55491065979,
  "274": 960.763692855835,
  "275": 1010.6754302978516,
  "276": 1007.310152053833,
  "277": 1008.5558891296386,
  "278": 1003.8065910339357,
  "279": 1004.9080848693849,
  "280": 1006.0930252075194,
  "281": 1074.8791694641113,
  "282": 1073.775291442871,
  "283": 1070.387363433838,
  "284": 1082.9925537109375,
  "285": 1080.0981521606445,