{
  "0": 990.4384613037109,
  "1": 1354.3403148651123,
  "2": 933.4731101989746,
  "3": 1864.6955490112305,
  "4": 997.2715377807616,
  "5": 1226.2427806854248,
  "6": 960.460901260376,
  "7": 2861.407995223999,
  "8": 1514.3156051635742,
  "9": 1519.3939208984375,
  "10": 2805.049419403076,
  "11": 208.9226245880127,
  "12": 498.80146980285645,
  "13": 415.6482219696045,
  "14": 211.0886573791504,
  "15": 679.7444820404053,
  "16": 725.477933883667,
  "17": 433.7501525878906,
  "18": 715.3797149658203,
  "19": 640.6807899475098,
  "20": 435.9853267669678,
  "21": 3941.7827129364014,
  "22": 682.297945022583,
  "23": 678.635835647583,
  "24": 678.400993347168,
  "25": 1670.5131530761719,
  "26": 207.40270614624023,
  "27": 410.40897369384766,
  "28": 410.25400161743164,
  "29": 409.5125198364258,
  "30": 207.52429962158203,
  "31": 683.9442253112793,
  "32": 781.5444469451904,
  "33": 658.6039066314697,
  "34": 421.6933250427246,
  "35": 758.2962512969971,
  "36": 656.2340259552002,
  "37": 625.8773803710938,
  "38": 648.113489151001,
  "39": 625.5066394805908,
  "40": 422.6517677307129,
  "41": 910.0031852722168,
  "42": 977.916717529297,
  "43": 647.4173069000244,
  "44": 943.1242942810059,
  "45": 848.61159324646,
  "46": 644.838809967041,
  "47": 925.3954887390137,
  "48": 847.1643924713135,
  "49": 850.0981330871582,
  "50": 645.6518173217773,
  "51": 1274.181604385376,
  "52": 1070.4267024993896,
  "53": 1133.7757110595703,
  "54": 1119.602918624878,
  "55": 1107.1562767028809,
  "56": 1398.2152938842773,
  "57": 485.69202423095703,
  "58": 487.5326156616211,
  "59": 485.80169677734375,
  "60": 485.65149307250977,
  "61": 486.2654209136963,
  "62": 329.32043075561523,
  "63": 953.0544281005859,
  "64": 952.8934955596924,
  "65": 943.0170059204102,
  "66": 873.408317565918,
  "67": 872.7812767028809,
  "68": 956.5043449401855,
  "69": 940.4230117797852,
  "70": 877.8619766235352,
  "71": 871.5486526489258,
  "72": 920.5877780914307,
  "73": 875.6577968597412,
  "74": 870.0644969940186,
  "75": 870.2373504638672,
  "76": 870.1658248901367,
  "77": 715.1699066162109,
  "78": 1423.252820968628,
  "79": 1406.9867134094238,
  "80": 1259.1147422790527,
  "81": 1251.2481212615967,
  "82": 1372.5721836090088,
  "83": 1261.6300582885742,
  "84": 1249.4444847106934,
  "85": 1251.9538402557373,
  "86": 1249.47190284729,
  "87": 1250.2384185791016,
  "88": 1352.4234294891357,
  "89": 1257.7366828918457,
  "90": 1249.6232986450195,
  "91": 1253.361701965332,
  "92": 1250.0488758087158,
  "93": 1249.6936321258545,
  "94": 1249.5088577270508,
  "95": 1248.779296875,
  "96": 1248.7614154815674,
  "97": 1092.514991760254,
  "98": 1743.0639266967773,
  "99": 1744.0223693847656,
  "100": 1586.529016494751,
  "101": 1909.787654876709,
  "102": 1753.072738647461,
  "103": 1665.5004024505615,
  "104": 1865.5622005462646,
  "105": 1708.4622383117676,
  "106": 1666.1477088928223,
  "107": 1665.494441986084,
  "108": 1850.5275249481201,
  "109": 1693.7172412872314,
  "110": 1665.3120517730713,
  "111": 1665.56715965271,
  "112": 1664.673089981079,
  "113": 2227.233648300171,
  "114": 2070.155143737793,
  "115": 2042.2148704528809,
  "116": 2041.6343212127688,
  "117": 2042.3984527587893,
  "118": 2221.473455429077,
  "119": 2430.6130409240723,
  "120": 6411.705017089844,
  "121": 6797.089576721191,
  "122": 6000.130176544189,
  "123": 12342.303991317749,
  "124": 4592.918157577515,
  "125": 5027.433633804321,
  "126": 4580.9125900268555,
  "127": 10157.212018966675,
  "128": 8348.50788116455,
  "129": 8359.893560409546,
  "130": 16197.760105133057,
  "131": 1697.6547241210938,
  "132": 2117.108106613159,
  "133": 2116.0995960235596,
  "134": 1690.5057430267334,
  "135": 2723.020315170288,
  "136": 3191.605806350708,
  "137": 2681.0669898986816,
  "138": 3137.112855911255,
  "139": 3138.0772590637207,
  "140": 2680.710554122925,
  "141": 5508.72802734375,
  "142": 3687.9777908325195,
  "143": 3685.709238052368,
  "144": 3683.457374572754,
  "145": 5008.676052093506,
  "146": 1222.8941917419434,
  "147": 1841.6106700897217,
  "148": 1841.3043022155762,
  "149": 1839.061975479126,
  "150": 1418.9529418945312,
  "151": 2066.638469696045,
  "152": 2798.703908920288,
  "153": 2679.567337036133,
  "154": 2236.2935543060303,
  "155": 2795.5198287963867,
  "156": 2675.217390060425,
  "157": 2663.7911796569824,
  "158": 2679.9237728118896,
  "159": 2666.4376258850098,
  "160": 2228.3172607421875,
  "161": 2901.195287704468,
  "162": 3727.2632122039795,
  "163": 3052.4802207946777,
  "164": 3638.101816177368,
  "165": 3469.7437286376953,
  "166": 3042.217493057251,
  "167": 3590.339422225952,
  "168": 3471.2207317352295,
  "169": 3461.1880779266357,
  "170": 3033.4079265594482,
  "171": 4513.895511627197,
  "172": 4112.832546234131,
  "173": 4601.72176361084,
  "174": 4550.890922546387,
  "175": 4546.287059783936,
  "176": 5350.785255432129,
  "177": 1327.371597290039,
  "178": 1332.617998123169,
  "179": 1333.9853286743164,
  "180": 1334.0342044830322,
  "181": 1334.238052368164,
  "182": 994.1649436950684,
  "183": 2585.9129428863525,
  "184": 2638.615369796753,
  "185": 2620.8269596099854,
  "186": 2594.863176345825,
  "187": 2573.9645957946777,
  "188": 2637.699842453003,
  "189": 2620.6278800964355,
  "190": 2595.1898097991943,
  "191": 2583.5061073303223,
  "192": 2599.339485168457,
  "193": 2590.7087326049805,
  "194": 2599.838972091675,
  "195": 2590.5942916870117,
  "196": 2596.9958305358887,
  "197": 2268.1736946105957,
  "198": 4044.3611145019527,
  "199": 4027.534723281861,
  "200": 3867.006301879883,
  "201": 3807.588815689087,
  "202": 3951.5638351440434,
  "203": 3857.743740081787,
  "204": 3824.2733478546143,
  "205": 3852.9467582702637,
  "206": 3846.4081287384033,
  "207": 3794.3577766418457,
  "208": 3931.604623794556,
  "209": 3854.2532920837402,
  "210": 3828.4671306610107,
  "211": 3851.0537147521973,
  "212": 3825.206756591797,
  "213": 3831.0420513153076,
  "214": 3843.3945178985596,
  "215": 3822.222948074341,
  "216": 3818.8636302948,
  "217": 3496.735095977783,
  "218": 5081.342458724976,
  "219": 5113.434791564941,
  "220": 4759.054183959961,
  "221": 5573.005676269531,
  "222": 5249.2475509643555,
  "223": 5137.336254119873,
  "224": 5502.440929412842,
  "225": 5183.526277542114,
  "226": 5124.708414077759,
  "227": 5129.65202331543,
  "228": 5552.759170532227,
  "229": 5187.420845031738,
  "230": 5123.2123374938965,
  "231": 5165.7891273498535,
  "232": 5160.690546035767,
  "233": 6766.132116317749,
  "234": 6410.113573074341,
  "235": 6413.372755050659,
  "236": 6383.0602169036865,
  "237": 6357.9511642456055,
  "238": 6765.491962432861,
  "239": 7630.8274269104
}