{
  "0": 990.2846813201905,
  "1": 1347.0983505249023,
  "2": 924.3476390838623,
  "3": 2014.7919654846191,
  "4": 991.6889667510985,
  "5": 1219.5253372192383,
  "6": 956.8190574645996,
  "7": 1798.54154586792,
  "8": 1534.8029136657715,
  "9": 1712.101697921753,
  "10": 3740.955591201782,
  "11": 209.39111709594727,
  "12": 494.1833019256592,
  "13": 416.7294502258301,
  "14": 211.84086799621582,
  "15": 708.7790966033936,
  "16": 632.8153610229492,
  "17": 427.84571647644043,
  "18": 851.7634868621826,
  "19": 646.7235088348389,
  "20": 646.1691856384277,
  "21": 996.7565536499023,
  "22": 792.2732830047607,
  "23": 702.9843330383301,
  "24": 685.8623027801514,
  "25": 1677.9279708862305,
  "26": 207.75675773620605,
  "27": 410.89892387390137,
  "28": 410.80355644226074,
  "29": 410.4161262512207,
  "30": 208.10604095458984,
  "31": 697.4697113037109,
  "32": 696.6793537139893,
  "33": 696.185827255249,
  "34": 493.7243461608887,
  "35": 837.3188972473145,
  "36": 836.8897438049316,
  "37": 634.4711780548096,
  "38": 836.6751670837402,
  "39": 633.6820125579834,
  "40": 634.5319747924805,
  "41": 869.3420886993408,
  "42": 869.1799640655518,
  "43": 666.428804397583,
  "44": 928.1635284423828,
  "45": 723.884105682373,
  "46": 682.2371482849121,
  "47": 913.0191802978516,
  "48": 710.3705406188965,
  "49": 680.692195892334,
  "50": 680.1474094390869,
  "51": 1276.2963771820068,
  "52": 1073.3461380004883,
  "53": 1137.862205505371,
  "54": 1123.7597465515137,
  "55": 1109.5714569091797,
  "56": 1395.334005355835,
  "57": 486.4680767059326,
  "58": 487.64824867248535,
  "59": 486.58013343811035,
  "60": 486.3321781158447,
  "61": 486.8733882904053,
  "62": 329.4861316680908,
  "63": 868.0129051208496,
  "64": 867.2571182250977,
  "65": 866.7993545532227,
  "66": 867.4764633178711,
  "67": 708.5812091827393,
  "68": 1045.4940795898438,
  "69": 1045.4583168029785,
  "70": 1046.208143234253,
  "71": 888.2308006286621,
  "72": 1046.297550201416,
  "73": 1046.7374324798584,
  "74": 889.289379119873,
  "75": 1047.205924987793,
  "76": 889.4956111907959,
  "77": 888.7708187103271,
  "78": 1257.4231624603271,
  "79": 1257.3742866516113,
  "80": 1258.0060958862305,
  "81": 1100.921630859375,
  "82": 1465.4695987701416,
  "83": 1465.752124786377,
  "84": 1308.9501857757568,
  "85": 1453.9432525634766,
  "86": 1296.1053848266602,
  "87": 1281.6798686981201,
  "88": 1460.8168601989746,
  "89": 1461.0505104064941,
  "90": 1304.1961193084717,
  "91": 1450.5517482757568,
  "92": 1293.036937713623,
  "93": 1281.1219692230225,
  "94": 1442.9712295532227,
  "95": 1286.2563133239746,
  "96": 1279.8047065734863,
  "97": 1280.1849842071533,
  "98": 1755.5856704711914,
  "99": 1756.443977355957,
  "100": 1598.9446640014648,
  "101": 1918.7581539154053,
  "102": 1762.3841762542725,
  "103": 1673.583984375,
  "104": 1867.6114082336426,
  "105": 1710.5448246002197,
  "106": 1674.0989685058594,
  "107": 1673.4182834625244,
  "108": 1857.3307991027832,
  "109": 1700.3095149993896,
  "110": 1672.6505756378174,
  "111": 1673.19655418396,
  "112": 1672.7542877197266,
  "113": 2234.8427772521973,
  "114": 2077.2159099578857,
  "115": 2050.7144927978516,
  "116": 2051.0363578796387,
  "117": 2050.330638885498,
  "118": 2230.9112548828125,
  "119": 2439.5596981048584,
  "120": 6405.960321426392,
  "121": 6743.185520172119,
  "122": 5978.17063331604,
  "123": 12362.072467803955,
  "124": 4562.696218490601,
  "125": 4977.672100067139,
  "126": 4558.777809143066,
  "127": 8707.854747772217,
  "128": 8287.601470947266,
  "129": 8704.671859741211,
  "130": 12045.546770095825,
  "131": 1696.838140487671,
  "132": 2099.3494987487793,
  "133": 2097.0702171325684,
  "134": 1688.8201236724854,
  "135": 3094.543218612671,
  "136": 3092.5989151000977,
  "137": 2683.674097061157,
  "138": 3535.5937480926514,
  "139": 3128.315210342407,
  "140": 3122.4465370178223,
  "141": 4070.680141448974,
  "142": 3663.38849067688,
  "143": 4136.914014816284,
  "144": 4112.05530166626,
  "145": 4977.680444717407,
  "146": 1192.0487880706787,
  "147": 1823.561191558838,
  "148": 1823.8282203674316,
  "149": 1822.8590488433838,
  "150": 1418.4927940368652,
  "151": 2617.746591567993,
  "152": 2617.255449295044,
  "153": 2616.8429851531982,
  "154": 2211.3001346588135,
  "155": 3221.879005432129,
  "156": 3221.139907836914,
  "157": 2814.1486644744873,
  "158": 3217.4134254455566,
  "159": 2809.908390045166,
  "160": 2805.682420730591,
  "161": 3557.795286178589,
  "162": 3557.3434829711914,
  "163": 3151.4406204223633,
  "164": 4015.9630775451656,
  "165": 3610.3713512420654,
  "166": 3586.8608951568604,
  "167": 4003.5820007324223,
  "168": 3597.743511199951,
  "169": 3571.881055831909,
  "170": 3569.9760913848877,
  "171": 4445.075988769531,
  "172": 4040.011167526245,
  "173": 4529.03151512146,
  "174": 4478.240013122559,
  "175": 4463.00745010376,
  "176": 5253.336429595947,
  "177": 1304.1436672210693,
  "178": 1308.6426258087158,
  "179": 1309.3340396881104,
  "180": 1313.091516494751,
  "181": 1317.2245025634766,
  "182": 992.225408554077,
  "183": 2536.804676055908,
  "184": 2537.858486175537,
  "185": 2542.0236587524414,
  "186": 2544.6724891662598,
  "187": 2215.35325050354,
  "188": 2931.1013221740723,
  "189": 2938.0953311920166,
  "190": 2937.2775554656982,
  "191": 2612.762451171875,
  "192": 2936.1021518707275,
  "193": 2938.4589195251465,
  "194": 2611.624002456665,
  "195": 2933.7477684020996,
  "196": 2614.3383979797363,
  "197": 2596.0469245910645,
  "198": 3786.2014770507812,
  "199": 3784.3501567840576,
  "200": 3785.684108734131,
  "201": 3462.766408920288,
  "202": 4193.398952484131,
  "203": 4192.122220993042,
  "204": 3877.03537940979,
  "205": 4178.589582443237,
  "206": 3854.0804386138916,
  "207": 3858.7963581085205,
  "208": 4191.451072692871,
  "209": 4193.440675735474,
  "210": 3871.980905532837,
  "211": 4175.306558609009,
  "212": 3858.2706451416016,
  "213": 3857.9416275024414,
  "214": 4179.428815841675,
  "215": 3850.874900817871,
  "216": 3861.128091812134,
  "217": 3857.724666595459,
  "218": 5067.8277015686035,
  "219": 5049.089193344116,
  "220": 4725.1927852630615,
  "221": 5545.5780029296875,
  "222": 5217.435359954834,
  "223": 5099.821090698242,
  "224": 5465.7042026519775,
  "225": 5157.256126403809,
  "226": 5124.396085739136,
  "227": 5121.28472328186,
  "228": 5506.455898284912,
  "229": 5187.478065490723,
  "230": 5110.7800006866455,
  "231": 5136.700868606567,
  "232": 5115.679502487183,
  "233": 6756.863594055176,
  "234": 6421.198844909668,
  "235": 6359.80486869812,
  "236": 6361.916065216064,
  "237": 6366.711854934692,
  "238": 6765.437126159668,
  "239": 7607.271671295166
}