{
  "0": 990.5588626861572,
  "1": 1348.4525680541992,
  "2": 920.3886985778809,
  "3": 1843.5513973236084,
  "4": 988.9388084411621,
  "5": 1217.571496963501,
  "6": 954.9045562744141,
  "7": 2855.0779819488525,
  "8": 1500.5624294281006,
  "9": 1499.0365505218506,
  "10": 2773.418426513672,
  "11": 209.48410034179688,
  "12": 492.3701286315918,
  "13": 416.9023036956787,
  "14": 212.01133728027344,
  "15": 674.4241714477539,
  "16": 722.0828533172607,
  "17": 434.0624809265137,
  "18": 711.4362716674805,
  "19": 642.7741050720215,
  "20": 437.06417083740234,
  "21": 3942.7030086517334,
  "22": 683.1896305084229,
  "23": 679.9566745758057,
  "24": 680.5562973022461,
  "25": 1671.4668273925781,
  "26": 207.71265029907227,
  "27": 411.23509407043457,
  "28": 411.15880012512207,
  "29": 410.82024574279785,
  "30": 207.9916000366211,
  "31": 676.194429397583,
  "32": 779.0660858154297,
  "33": 657.494068145752,
  "34": 422.87588119506836,
  "35": 752.0925998687744,
  "36": 655.6618213653564,
  "37": 627.8812885284424,
  "38": 644.6182727813721,
  "39": 627.2304058074951,
  "40": 423.9499568939209,
  "41": 905.0607681274414,
  "42": 977.1203994750977,
  "43": 650.4392623901367,
  "44": 941.9512748718262,
  "45": 852.8578281402588,
  "46": 647.27783203125,
  "47": 922.9934215545654,
  "48": 852.2975444793701,
  "49": 852.2641658782959,
  "50": 648.503303527832,
  "51": 1276.465654373169,
  "52": 1073.4450817108154,
  "53": 1136.9574069976807,
  "54": 1123.812198638916,
  "55": 1108.9897155761719,
  "56": 1392.526626586914,
  "57": 486.3309860229492,
  "58": 487.52546310424805,
  "59": 486.4776134490967,
  "60": 486.299991607666,
  "61": 486.7589473724365,
  "62": 329.5767307281494,
  "63": 949.7237205505371,
  "64": 951.4784812927246,
  "65": 939.6505355834961,
  "66": 876.9118785858154,
  "67": 875.4193782806396,
  "68": 951.845645904541,
  "69": 938.3583068847656,
  "70": 879.5976638793945,
  "71": 874.8090267181396,
  "72": 917.3822402954102,
  "73": 878.3602714538574,
  "74": 874.1450309753418,
  "75": 874.4990825653076,
  "76": 874.2952346801758,
  "77": 718.0845737457275,
  "78": 1428.3406734466553,
  "79": 1410.9504222869873,
  "80": 1263.887882232666,
  "81": 1256.6912174224854,
  "82": 1374.7155666351318,
  "83": 1266.0837173461914,
  "84": 1257.002353668213,
  "85": 1258.072853088379,
  "86": 1256.1511993408203,
  "87": 1255.9783458709717,
  "88": 1353.9934158325195,
  "89": 1262.9151344299316,
  "90": 1256.9475173950195,
  "91": 1258.862018585205,
  "92": 1257.643699645996,
  "93": 1256.4754486083984,
  "94": 1256.6280364990234,
  "95": 1255.3083896636963,
  "96": 1256.0486793518066,
  "97": 1099.1764068603516,
  "98": 1751.478910446167,
  "99": 1751.554012298584,
  "100": 1594.1905975341797,
  "101": 1921.5917587280273,
  "102": 1764.1329765319824,
  "103": 1677.858829498291,
  "104": 1876.3017654418945,
  "105": 1719.1362380981445,
  "106": 1678.304672241211,
  "107": 1678.2701015472412,
  "108": 1861.6557121276855,
  "109": 1704.3054103851318,
  "110": 1677.9184341430664,
  "111": 1677.8337955474854,
  "112": 1677.0923137664795,
  "113": 2241.3623332977295,
  "114": 2084.0072631835938,
  "115": 2057.3794841766357,
  "116": 2057.255506515503,
  "117": 2057.238817214966,
  "118": 2237.905263900757,
  "119": 2446.6919898986816,
  "120": 6355.026960372925,
  "121": 6693.408489227295,
  "122": 5933.561325073242,
  "123": 12248.492240905762,
  "124": 4533.852338790894,
  "125": 4950.592517852783,
  "126": 4530.261754989624,
  "127": 10071.5172290802,
  "128": 8255.26237487793,
  "129": 8255.147933959961,
  "130": 16011.722087860107,
  "131": 1683.4020614624023,
  "132": 2085.8240127563477,
  "133": 2083.6925506591797,
  "134": 1675.3768920898438,
  "135": 2666.410207748413,
  "136": 3111.2492084503174,
  "137": 2655.1294326782227,
  "138": 3070.34969329834,
  "139": 3081.0749530792236,
  "140": 2655.6098461151123,
  "141": 5468.629598617554,
  "142": 3635.951280593872,
  "143": 3636.5902423858643,
  "144": 3635.793924331665,
  "145": 4946.224689483643,
  "146": 1182.3451519012451,
  "147": 1812.8395080566406,
  "148": 1812.3936653137207,
  "149": 1812.0193481445312,
  "150": 1407.0379734039307,
  "151": 1986.7420196533203,
  "152": 2731.534242630005,
  "153": 2629.798650741577,
  "154": 2205.134630203247,
  "155": 2715.73543548584,
  "156": 2618.352174758911,
  "157": 2623.565196990967,
  "158": 2611.989974975586,
  "159": 2622.76291847229,
  "160": 2203.9830684661865,
  "161": 2783.5536003112793,
  "162": 3649.805784225464,
  "163": 2990.1123046875,
  "164": 3571.02632522583,
  "165": 3413.4280681610107,
  "166": 2990.124225616455,
  "167": 3535.780906677246,
  "168": 3413.4232997894287,
  "169": 3407.7858924865723,
  "170": 2988.9166355133057,
  "171": 4439.321756362915,
  "172": 4031.741619110107,
  "173": 4531.006813049316,
  "174": 4474.173784255981,
  "175": 4462.316036224365,
  "176": 5254.045724868774,
  "177": 1303.8718700408936,
  "178": 1309.0837001800537,
  "179": 1310.4331493377686,
  "180": 1310.11962890625,
  "181": 1310.3735446929932,
  "182": 991.9238090515138,
  "183": 2549.4301319122314,
  "184": 2579.6830654144287,
  "185": 2564.3014907836914,
  "186": 2540.261745452881,
  "187": 2535.628080368042,
  "188": 2576.4989852905273,
  "189": 2563.6398792266846,
  "190": 2540.576457977295,
  "191": 2549.833059310913,
  "192": 2542.572021484375,
  "193": 2536.553144454956,
  "194": 2550.2872467041016,
  "195": 2536.289691925049,
  "196": 2549.5028495788574,
  "197": 2223.8004207611084,
  "198": 3993.0343627929688,
  "199": 3971.705436706543,
  "200": 3778.9320945739746,
  "201": 3755.6254863739014,
  "202": 3896.583318710327,
  "203": 3768.3534622192383,
  "204": 3774.35564994812,
  "205": 3763.8115882873535,
  "206": 3773.8513946533203,
  "207": 3757.697343826294,
  "208": 3880.31005859375,
  "209": 3767.4427032470703,
  "210": 3774.5749950408936,
  "211": 3764.845132827759,
  "212": 3772.0370292663574,
  "213": 3772.634267807007,
  "214": 3759.591579437256,
  "215": 3772.1455097198486,
  "216": 3772.0465660095215,
  "217": 3441.6770935058594,
  "218": 5007.27653503418,
  "219": 5011.289119720459,
  "220": 4682.036638259888,
  "221": 5506.134033203125,
  "222": 5178.402662277222,
  "223": 5070.5718994140625,
  "224": 5430.9844970703125,
  "225": 5120.068788528442,
  "226": 5075.26159286499,
  "227": 5076.683759689331,
  "228": 5462.896823883057,
  "229": 5135.679244995117,
  "230": 5074.872970581055,
  "231": 5069.502592086792,
  "232": 5068.833827972412,
  "233": 6701.775789260864,
  "234": 6364.119052886963,
  "235": 6315.455436706543,
  "236": 6311.7265701293945,
  "237": 6310.240030288696,
  "238": 6693.969964981079,
  "239": 7547.105550765991,
  "240": 9039.748907089233,
  "241": 3655.480146408081,
  "242": 3314.114809036255,
  "243": 5237.797498703003,
  "244": 3103.494644165039,
  "245": 3497.053384780884,
  "246": 3072.251081466675,
  "247": 14831.47382736206,
  "248": 4235.652685165405,
  "249": 4229.514598846436,
  "250": 5358.01887512207,
  "251": 1402.3327827453613,
  "252": 1647.3209857940674,
  "253": 1642.4500942230225,
  "254": 1233.5729598999023,
  "255": 3051.9938468933105,
  "256": 2140.1798725128174,
  "257": 1694.6959495544434,
  "258": 2099.8358726501465,
  "259": 2102.7421951293945,
  "260": 1683.8288307189941,
  "261": 22975.08478164673,
  "262": 2594.759464263916,
  "263": 2163.347005844116,
  "264": 2139.5397186279297,
  "265": 4761.999845504761,
  "266": 1235.3789806365967,
  "267": 1588.442325592041,
  "268": 1587.9452228546143,
  "269": 1587.902307510376,
  "270": 1184.6542358398438,
  "271": 2632.1816444396973,
  "272": 2127.7177333831787,
  "273": 2025.0713825225828,
  "274": 1615.8902645111084,
  "275": 2117.9723739624023,
  "276": 2016.7171955108643,
  "277": 2018.7115669250488,
  "278": 2008.3606243133543,
  "279": 2018.5601711273193,
  "280": 1602.9024124145508,
  "281": 6573.961973190308,
  "282": 2686.687707901001,
  "283": 2203.9031982421875,
  "284": 2608.860731124878,