{
  "0": 993.0264949798585,
  "1": 1347.7277755737305,
  "2": 923.302173614502,
  "3": 2011.679410934448,
  "4": 987.9946708679199,
  "5": 1216.2983417510986,
  "6": 953.6850452423096,
  "7": 1792.3986911773682,
  "8": 1530.9953689575195,
  "9": 1706.1114311218262,
  "10": 3729.323148727417,
  "11": 209.48171615600586,
  "12": 492.1901226043701,
  "13": 416.81885719299316,
  "14": 212.05902099609375,
  "15": 706.9087028503418,
  "16": 632.7366828918457,
  "17": 427.0744323730469,
  "18": 851.8564701080322,
  "19": 647.0167636871338,
  "20": 646.2502479553223,
  "21": 997.3418712615966,
  "22": 791.705846786499,
  "23": 702.6708126068115,
  "24": 683.5830211639404,
  "25": 1680.9821128845215,
  "26": 207.90457725524902,
  "27": 411.1194610595703,
  "28": 410.9764099121094,
  "29": 410.59136390686035,
  "30": 208.1751823425293,
  "31": 694.9496269226074,
  "32": 694.8244571685791,
  "33": 694.4644451141357,
  "34": 491.98985099792475,
  "35": 837.8839492797852,
  "36": 837.5954627990723,
  "37": 634.7322463989258,
  "38": 837.0745182037354,
  "39": 634.2208385467529,
  "40": 635.0600719451904,
  "41": 869.4612979888916,
  "42": 869.0547943115234,
  "43": 666.038990020752,
  "44": 924.5800971984863,
  "45": 721.5309143066406,
  "46": 680.316686630249,
  "47": 911.2453460693359,
  "48": 708.0435752868652,
  "49": 678.6870956420898,
  "50": 678.2031059265137,
  "51": 1276.8006324768066,
  "52": 1074.005365371704,
  "53": 1137.702465057373,
  "54": 1124.657392501831,
  "55": 1110.1031303405762,
  "56": 1393.2287693023682,
  "57": 486.4966869354248,
  "58": 487.6232147216797,
  "59": 486.56225204467773,
  "60": 486.4084720611572,
  "61": 486.9270324707031,
  "62": 329.6661376953125,
  "63": 868.3490753173828,
  "64": 867.3059940338135,
  "65": 866.9769763946533,
  "66": 867.4585819244385,
  "67": 710.1607322692871,
  "68": 1045.5608367919922,
  "69": 1045.302152633667,
  "70": 1045.8874702453613,
  "71": 888.1616592407227,
  "72": 1046.3476181030273,
  "73": 1046.7588901519775,
  "74": 889.9116516113281,
  "75": 1047.1522808074951,
  "76": 889.36448097229,
  "77": 888.4656429290771,
  "78": 1258.624792098999,
  "79": 1258.6796283721924,
  "80": 1258.5961818695068,
  "81": 1101.4950275421143,
  "82": 1463.8853073120117,
  "83": 1464.627981185913,
  "84": 1306.854486465454,
  "85": 1452.4483680725098,
  "86": 1294.548511505127,
  "87": 1279.3946266174316,
  "88": 1458.3039283752441,
  "89": 1459.1217041015625,
  "90": 1301.6808032989502,
  "91": 1448.4310150146484,
  "92": 1291.2631034851074,
  "93": 1279.2026996612549,
  "94": 1440.4559135437012,
  "95": 1283.3333015441895,
  "96": 1278.8498401641846,
  "97": 1278.8856029510498,
  "98": 1758.502721786499,
  "99": 1758.7554454803467,
  "100": 1601.712703704834,
  "101": 1917.3121452331543,
  "102": 1759.4718933105469,
  "103": 1671.6945171356201,
  "104": 1866.3215637207031,
  "105": 1708.5027694702148,
  "106": 1672.2655296325684,
  "107": 1671.5586185455322,
  "108": 1854.703426361084,
  "109": 1698.1720924377441,
  "110": 1671.2760925292969,
  "111": 1671.0519790649414,
  "112": 1671.0233688354492,
  "113": 2234.5292568206787,
  "114": 2076.5292644500732,
  "115": 2050.696611404419,
  "116": 2050.257921218872,
  "117": 2049.992084503174,
  "118": 2229.630947113037,
  "119": 2438.058853149414,
  "120": 6354.695558547974,
  "121": 6698.696613311768,
  "122": 5933.568477630615,
  "123": 12267.956733703613,
  "124": 4536.000490188599,
  "125": 4952.139854431152,
  "126": 4532.899856567383,
  "127": 8655.893802642822,
  "128": 8235.762119293213,
  "129": 8653.086423873901,
  "130": 11967.23222732544,
  "131": 1683.2053661346436,
  "132": 2084.8751068115234,
  "133": 2082.904577255249,
  "134": 1675.1575469970703,
  "135": 3072.052001953125,
  "136": 3069.922924041748,
  "137": 2661.980390548706,
  "138": 3514.610528945923,
  "139": 3108.034133911133,
  "140": 3102.501630783081,
  "141": 4041.6991710662846,
  "142": 3633.3000659942627,
  "143": 4107.407331466675,
  "144": 4082.945585250855,
  "145": 4948.582649230957,
  "146": 1182.483434677124,
  "147": 1812.4604225158691,
  "148": 1812.5033378601074,
  "149": 1811.816692352295,
  "150": 1407.1094989776611,
  "151": 2599.9999046325684,
  "152": 2618.6394691467285,
  "153": 2618.1375980377197,
  "154": 2213.430404663086,
  "155": 3222.3546504974365,
  "156": 3221.416473388672,
  "157": 2815.650701522827,
  "158": 3218.4934616088867,
  "159": 2811.3746643066406,
  "160": 2806.5145015716553,
  "161": 3560.439348220825,
  "162": 3559.199571609497,
  "163": 3152.7817249298096,
  "164": 4016.1764621734615,
  "165": 3609.600067138672,
  "166": 3586.975336074829,
  "167": 4005.3820610046387,
  "168": 3597.0592498779297,
  "169": 3571.5579986572266,
  "170": 3569.389581680298,
  "171": 4448.767900466919,
  "172": 4041.0661697387695,
  "173": 4531.354904174805,
  "174": 4479.546546936035,
  "175": 4464.632272720337,
  "176": 5254.265069961548,
  "177": 1304.311752319336,
  "178": 1308.3529472351074,
  "179": 1309.814453125,
  "180": 1309.274435043335,
  "181": 1308.962106704712,
  "182": 992.0632839202882,
  "183": 2534.4061851501465,
  "184": 2535.2120399475098,
  "185": 2535.5374813079834,
  "186": 2535.1130962371826,
  "187": 2219.0380096435547,
  "188": 2924.1228103637695,
  "189": 2924.4697093963623,
  "190": 2924.4613647460938,
  "191": 2605.297565460205,
  "192": 2922.842502593994,
  "193": 2923.283576965332,
  "194": 2605.1509380340576,
  "195": 2920.8922386169434,
  "196": 2602.701187133789,
  "197": 2585.892677307129,
  "198": 3756.6745281219482,
  "199": 3756.6399574279785,
  "200": 3756.6637992858887,
  "201": 3440.5577182769775,
  "202": 4153.494834899902,
  "203": 4154.453277587891,
  "204": 3837.2397422790527,
  "205": 4135.978221893311,
  "206": 3819.6730613708496,
  "207": 3816.779851913452,
  "208": 4153.540134429932,
  "209": 4153.765439987183,
  "210": 3837.1670246124268,
  "211": 4131.408929824829,
  "212": 3812.685012817383,
  "213": 3812.255859375,
  "214": 4126.354455947876,
  "215": 3810.1184368133545,
  "216": 3807.2848320007324,
  "217": 3811.8410110473633,
  "218": 4984.856843948364,
  "219": 4984.729290008545,
  "220": 4665.442705154419,
  "221": 5481.988191604614,
  "222": 5162.653923034668,
  "223": 5044.5568561553955,
  "224": 5404.192209243774,
  "225": 5082.640647888184,
  "226": 5054.538249969482,
  "227": 5052.472352981567,
  "228": 5440.140962600708,
  "229": 5123.074054718018,
  "230": 5054.693222045898,
  "231": 5052.623748779297,
  "232": 5051.174163818359,
  "233": 6665.60173034668,
  "234": 6349.923610687256,
  "235": 6290.404796600342,
  "236": 6281.79669380188,
  "237": 6291.420459747314,
  "238": 6687.742471694946,
  "239": 7519.242763519287,
  "240": 9061.334133148193,
  "241": 3641.2298679351807,
  "242": 3305.3362369537354,
  "243": 5492.790937423706,
  "244": 3093.125820159912,
  "245": 3492.327928543091,
  "246": 3067.0440196990967,
  "247": 3914.574384689331,
  "248": 4313.9612674713135,
  "249": 4671.300649642944,
  "250": 8609.484434127808,
  "251": 1400.9130001068115,
  "252": 1645.350456237793,
  "253": 1640.8562660217285,
  "254": 1234.499216079712,
  "255": 1413.7768745422363,
  "256": 1659.1548919677734,
  "257": 1651.7019271850586,
  "258": 2084.0084552764893,
  "259": 2077.22544670105,
  "260": 2071.068286895752,
  "261": 2141.1073207855225,
  "262": 2378.356456756592,
  "263": 2239.6302223205566,
  "264": 2196.8328952789307,
  "265": 4759.664535522461,
  "266": 1237.5378608703613,
  "267": 1587.233543395996,
  "268": 1587.1763229370117,
  "269": 1586.8020057678223,
  "270": 1185.0082874298096,
  "271": 1430.9394359588623,
  "272": 1771.937608718872,
  "273": 1775.1765251159668,
  "274": 1770.5297470092773,
  "275": 1994.5621490478513,
  "276": 1994.4977760314944,
  "277": 1993.6859607696533,
  "278": 1994.142532348633,
  "279": 1994.103193283081,
  "280": 1993.595361709595,
  "281": 1747.7118968963623,
  "282": 2084.1050148010254,
  "283": 2084.2254161834717,
  "284": 2258.446216583252,