{
  "[1, 4]": 71.37799263000488,
  "[1, 5]": 74.6915340423584,
  "[1, 6]": 75.11091232299805,
  "[1, 7]": 75.78730583190918,
  "[1, 8]": 75.52862167358398,
  "[1, 9]": 86.04550361633301,
  "[1, 10]": 86.25006675720215,
  "[1, 11]": 87.10551261901855,
  "[1, 12]": 91.36509895324707,
  "[1, 13]": 88.3643627166748,
  "[1, 14]": 88.95444869995117,
  "[1, 16]": 89.02406692504883,
  "[1, 17]": 98.81401062011719,
  "[1, 18]": 98.75226020812988,
  "[1, 19]": 94.51079368591309,
  "[1, 21]": 95.27850151062012,
  "[1, 22]": 95.6428050994873,
  "[1, 24]": 96.3289737701416,
  "[1, 25]": 110.46934127807617,
  "[1, 27]": 108.10017585754395,
  "[1, 29]": 109.51542854309082,
  "[1, 32]": 108.54315757751465,
  "[1, 34]": 121.32644653320312,
  "[1, 36]": 121.67811393737793,
  "[1, 39]": 123.39258193969728,
  "[1, 42]": 134.56344604492188,
  "[1, 45]": 135.97893714904785,
  "[1, 48]": 136.40594482421875,
  "[1, 51]": 146.98362350463867,
  "[1, 55]": 152.13894844055176,
  "[1, 59]": 164.3970012664795,
  "[1, 64]": 165.03357887268066,
  "[1, 68]": 178.7879467010498,
  "[1, 73]": 190.58728218078613,
  "[1, 78]": 192.5184726715088,
  "[1, 84]": 207.82828330993652,
  "[1, 90]": 227.12182998657227,
  "[1, 97]": 241.33563041687012,
  "[1, 103]": 244.29607391357422,
  "[1, 111]": 262.06517219543457,
  "[1, 119]": 276.5514850616455,
  "[1, 128]": 294.43860054016113,
  "[1, 137]": 334.75255966186523,
  "[1, 147]": 352.84924507141113,
  "[1, 157]": 375.9884834289551,
  "[1, 168]": 397.4776268005371,
  "[1, 181]": 448.2717514038086,
  "[1, 194]": 491.74451828002924,
  "[1, 207]": 518.3277130126953,
  "[1, 222]": 571.5844631195068,
  "[1, 238]": 625.6649494171143,
  "[1, 256]": 685.077428817749,
  "[1, 274]": 776.583194732666,
  "[1, 294]": 847.909688949585,
  "[1, 315]": 957.9291343688965,
  "[1, 337]": 1069.8089599609375,
  "[1, 362]": 1198.732614517212,
  "[1, 388]": 1330.5330276489258,
  "[1, 415]": 1486.182451248169,
  "[1, 445]": 1694.324254989624,
  "[1, 477]": 1925.3668785095215,
  "[1, 512]": 2169.0354347229004,
  "[1, 548]": 2522.156000137329,
  "[1, 588]": 2902.985095977783,
  "[1, 630]": 3330.6877613067627,
  "[1, 675]": 12308.449029922485,
  "[1, 724]": 12440.143585205078,
  "[1, 776]": 12628.550052642822,
  "[1, 831]": 12764.425277709961,
  "[1, 891]": 12970.497608184814,
  "[1, 955]": 13226.578950881958,
  "[1, 1024]": 13430.414915084839,
  "[2, 4]": 75.02007484436035,
  "[2, 32]": 110.33296585083008,
  "[2, 128]": 306.3476085662842,
  "[3, 4]": 72.36599922180176,
  "[3, 32]": 110.54706573486328,
  "[3, 128]": 316.1485195159912,
  "[4, 4]": 71.97713851928711,
  "[4, 32]": 111.68670654296875,
  "[4, 128]": 319.9622631072998,
  "[5, 4]": 72.9973316192627,
  "[5, 32]": 115.22150039672852,
  "[5, 128]": 327.2418975830078,
  "[6, 4]": 73.78005981445312,
  "[6, 32]": 115.98658561706543,
  "[6, 128]": 328.1090259552002,
  "[7, 4]": 73.39024543762207,
  "[7, 32]": 115.68284034729004,
  "[7, 128]": 328.68051528930664,
  "[8, 4]": 73.40097427368164,
  "[8, 32]": 115.57769775390625,
  "[8, 128]": 332.06963539123535,
  "[9, 4]": 73.51827621459961,
  "[9, 32]": 115.1883602142334,
  "[9, 128]": 332.3075771331787,
  "[10, 4]": 73.17733764648438,
  "[10, 32]": 115.6456470489502,
  "[10, 128]": 332.9777717590332,
  "[11, 4]": 73.74811172485352,
  "[11, 32]": 115.11921882629395,
  "[11, 128]": 333.5747718811035,
  "[12, 4]": 73.68254661560059,
  "[12, 32]": 115.34523963928223,
  "[12, 128]": 332.31353759765625,
  "[13, 4]": 73.88496398925781,
  "[13, 32]": 115.8754825592041,
  "[13, 128]": 333.5592746734619,
  "[14, 4]": 73.49228858947754,
  "[14, 32]": 116.19019508361816,
  "[14, 128]": 334.8114490509033,
  "[16, 4]": 73.58837127685547,
  "[16, 32]": 115.98348617553711,
  "[16, 128]": 337.5279903411865,
  "[17, 4]": 73.33064079284668,
  "[17, 32]": 116.45221710205078,
  "[17, 128]": 335.9715938568115,
  "[18, 4]": 73.78005981445312,
  "[18, 32]": 116.5456771850586,
  "[18, 128]": 336.61413192749023,
  "[19, 4]": 73.3644962310791,
  "[19, 32]": 116.60122871398926,
  "[19, 128]": 336.8098735809326,
  "[21, 4]": 73.66514205932617,
  "[21, 32]": 116.4548397064209,
  "[21, 128]": 338.6843204498291,
  "[22, 4]": 73.45318794250488,
  "[22, 32]": 117.01154708862305,
  "[22, 128]": 338.8841152191162,
  "[24, 4]": 74.19729232788086,
  "[24, 32]": 117.03610420227051,
  "[24, 128]": 341.2196636199951,
  "[25, 4]": 73.65798950195312,
  "[25, 32]": 116.5931224822998,
  "[25, 128]": 340.98005294799805,
  "[27, 4]": 73.2414722442627,
  "[27, 32]": 116.79863929748535,
  "[27, 128]": 342.36669540405273,
  "[29, 4]": 73.33683967590332,
  "[29, 32]": 117.03300476074219,
  "[29, 128]": 342.72122383117676,
  "[32, 4]": 73.9741325378418,
  "[32, 32]": 117.15841293334961,
  "[32, 128]": 347.0144271850586,
  "[34, 4]": 72.99447059631348,
  "[34, 32]": 117.25711822509766,
  "[34, 128]": 346.1575508117676,
  "[36, 4]": 73.53425025939941,
  "[36, 32]": 117.0356273651123,
  "[36, 128]": 347.0885753631592,
  "[39, 4]": 73.84800910949707,
  "[39, 32]": 117.23518371582031,
  "[39, 128]": 349.2710590362549,
  "[42, 4]": 73.91881942749023,
  "[42, 32]": 117.56634712219238,
  "[42, 128]": 352.25558280944824,
  "[45, 4]": 74.19157028198242,
  "[45, 32]": 117.61879920959473,
  "[45, 128]": 355.5870056152344,
  "[48, 4]": 74.03707504272461,
  "[48, 32]": 117.47598648071289,
  "[48, 128]": 360.748291015625,
  "[51, 4]": 73.43530654907227,
  "[51, 32]": 117.58875846862793,
  "[51, 128]": 361.27424240112305,
  "[55, 4]": 73.72188568115234,
  "[55, 32]": 116.96410179138184,
  "[55, 128]": 364.5350933074951,
  "[59, 4]": 73.52614402770996,
  "[59, 32]": 117.15340614318848,
  "[59, 128]": 369.6780204772949,
  "[64, 4]": 73.59576225280762,
  "[64, 32]": 117.15888977050781,
  "[64, 128]": 375.9737014770508,
  "[68, 4]": 74.07069206237793,
  "[68, 32]": 117.46954917907715,
  "[68, 128]": 379.99844551086426,
  "[73, 4]": 73.70781898498535,
  "[73, 32]": 117.81525611877441,
  "[73, 128]": 384.62209701538086,
  "[78, 4]": 73.93789291381836,
  "[78, 32]": 117.37275123596191,
  "[78, 128]": 389.5137310028076,
  "[84, 4]": 73.84228706359863,
  "[84, 32]": 117.23947525024414,
  "[84, 128]": 396.9001770019531,
  "[90, 4]": 73.48322868347168,
  "[90, 32]": 119.0032958984375,
  "[90, 128]": 402.5251865386963,
  "[97, 4]": 74.28503036499023,
  "[97, 32]": 117.9192066192627,
  "[97, 128]": 411.4997386932373,
  "[103, 4]": 74.35321807861328,
  "[103, 32]": 118.12233924865723,
  "[103, 128]": 418.2722568511963,
  "[111, 4]": 74.22375679016113,
  "[111, 32]": 118.24226379394531,
  "[111, 128]": 427.1283149719238,
  "[119, 4]": 73.91738891601562,
  "[119, 32]": 117.95496940612793,
  "[119, 128]": 438.56358528137207,
  "[128, 4]": 73.83394241333008,
  "[128, 32]": 117.71035194396973,
  "[128, 128]": 456.42542839050293,
  "[137, 4]": 74.40567016601562,
  "[137, 32]": 118.3474063873291,
  "[137, 128]": 462.4929428100586,
  "[147, 4]": 74.5689868927002,
  "[147, 32]": 118.39628219604492,
  "[147, 128]": 475.89969635009766,
  "[157, 4]": 74.8908519744873,
  "[157, 32]": 118.34335327148438,
  "[157, 128]": 482.7463626861572,
  "[168, 4]": 75.12617111206055,
  "[168, 32]": 118.35837364196777,
  "[168, 128]": 493.37935447692865,
  "[181, 4]": 75.53434371948242,
  "[181, 32]": 120.11861801147461,
  "[181, 128]": 502.9196739196778,
  "[194, 4]": 75.10662078857422,
  "[194, 32]": 121.5059757232666,
  "[194, 128]": 517.4057483673096,
  "[207, 4]": 75.35696029663086,
  "[207, 32]": 121.45066261291504,
  "[207, 128]": 524.9240398406982,
  "[222, 4]": 75.59585571289062,
  "[222, 32]": 120.91469764709473,
  "[222, 128]": 543.6131954193115,
  "[238, 4]": 75.80161094665527,
  "[238, 32]": 121.97995185852051,
  "[238, 128]": 574.596643447876,
  "[256, 4]": 75.96397399902344,
  "[256, 32]": 121.99878692626953,
  "[256, 128]": 601.4270782470703,
  "[274, 4]": 75.61492919921875,
  "[274, 32]": 122.71142005920409,
  "[274, 128]": 618.5038089752197,
  "[294, 4]": 76.41983032226562,
  "[294, 32]": 123.68130683898924,
  "[294, 128]": 648.7319469451904,