{
  "[1, 4]": 52.88219451904297,
  "[1, 5]": 52.916526794433594,
  "[1, 6]": 53.57718467712402,
  "[1, 7]": 54.3367862701416,
  "[1, 8]": 54.331302642822266,
  "[1, 9]": 53.92599105834961,
  "[1, 10]": 60.272932052612305,
  "[1, 11]": 53.5273551940918,
  "[1, 12]": 53.61056327819824,
  "[1, 13]": 57.99245834350586,
  "[1, 14]": 53.65920066833496,
  "[1, 16]": 54.08668518066406,
  "[1, 17]": 53.86924743652344,
  "[1, 18]": 54.479360580444336,
  "[1, 19]": 60.83083152770996,
  "[1, 21]": 62.456607818603516,
  "[1, 22]": 62.431097030639656,
  "[1, 24]": 62.401056289672844,
  "[1, 25]": 62.37483024597169,
  "[1, 27]": 62.66450881958008,
  "[1, 29]": 62.56604194641113,
  "[1, 32]": 61.71751022338868,
  "[1, 34]": 88.57560157775879,
  "[1, 36]": 88.6993408203125,
  "[1, 39]": 88.67597579956055,
  "[1, 42]": 89.9202823638916,
  "[1, 45]": 93.44291687011719,
  "[1, 48]": 88.17195892333984,
  "[1, 51]": 95.86191177368164,
  "[1, 55]": 100.04305839538574,
  "[1, 59]": 99.83229637145996,
  "[1, 64]": 99.37429428100586,
  "[1, 68]": 125.20503997802734,
  "[1, 73]": 122.12896347045898,
  "[1, 78]": 122.61009216308594,
  "[1, 84]": 129.3656826019287,
  "[1, 90]": 130.31792640686035,
  "[1, 97]": 155.75051307678223,
  "[1, 103]": 156.00180625915527,
  "[1, 111]": 160.2957248687744,
  "[1, 119]": 164.28732872009277,
  "[1, 128]": 154.9696922302246,
  "[1, 137]": 193.82882118225098,
  "[1, 147]": 201.80368423461914,
  "[1, 157]": 201.66921615600586,
  "[1, 168]": 202.52370834350586,
  "[1, 181]": 231.69565200805664,
  "[1, 194]": 258.1667900085449,
  "[1, 207]": 258.75401496887207,
  "[1, 222]": 270.4627513885498,
  "[1, 238]": 300.05598068237305,
  "[1, 256]": 274.80173110961914,
  "[1, 274]": 341.5341377258301,
  "[1, 294]": 363.68250846862793,
  "[1, 315]": 378.5228729248047,
  "[1, 337]": 410.261869430542,
  "[1, 362]": 442.54541397094727,
  "[1, 388]": 468.74141693115234,
  "[1, 415]": 484.36832427978516,
  "[1, 445]": 518.8033580780029,
  "[1, 477]": 556.8313598632812,
  "[1, 512]": 525.975227355957,
  "[1, 548]": 991.5108680725099,
  "[1, 588]": 1016.5390968322754,
  "[1, 630]": 1046.220302581787,
  "[1, 675]": 1130.71870803833,
  "[1, 724]": 1151.644229888916,
  "[1, 776]": 1186.9559288024902,
  "[1, 831]": 1280.0581455230713,
  "[1, 891]": 1358.1018447875977,
  "[1, 955]": 1435.3597164154053,
  "[1, 1024]": 1351.4444828033447,
  "[2, 4]": 58.9754581451416,
  "[2, 32]": 77.69441604614258,
  "[2, 128]": 190.13428688049316,
  "[3, 4]": 58.72511863708496,
  "[3, 32]": 78.0951976776123,
  "[3, 128]": 194.39983367919922,
  "[4, 4]": 58.939456939697266,
  "[4, 32]": 78.25255393981934,
  "[4, 128]": 199.22375679016113,
  "[5, 4]": 58.982133865356445,
  "[5, 32]": 78.16934585571289,
  "[5, 128]": 198.17352294921875,
  "[6, 4]": 58.9902400970459,
  "[6, 32]": 78.26638221740723,
  "[6, 128]": 200.97756385803223,
  "[7, 4]": 59.16190147399902,
  "[7, 32]": 78.19485664367676,
  "[7, 128]": 199.66483116149902,
  "[8, 4]": 59.15093421936035,
  "[8, 32]": 78.5377025604248,
  "[8, 128]": 200.08587837219238,
  "[9, 4]": 59.27276611328125,
  "[9, 32]": 78.54843139648438,
  "[9, 128]": 200.18339157104492,
  "[10, 4]": 59.03482437133789,
  "[10, 32]": 78.23681831359863,
  "[10, 128]": 200.52242279052734,
  "[11, 4]": 59.63563919067383,
  "[11, 32]": 78.48548889160156,
  "[11, 128]": 201.17592811584473,
  "[12, 4]": 58.9909553527832,
  "[12, 32]": 78.28307151794434,
  "[12, 128]": 200.79779624938965,
  "[13, 4]": 59.21006202697754,
  "[13, 32]": 78.18078994750977,
  "[13, 128]": 200.972318649292,
  "[14, 4]": 59.369564056396484,
  "[14, 32]": 78.36174964904785,
  "[14, 128]": 200.56414604187012,
  "[16, 4]": 59.334754943847656,
  "[16, 32]": 78.91297340393066,
  "[16, 128]": 202.7444839477539,
  "[17, 4]": 59.29398536682129,
  "[17, 32]": 78.35531234741211,
  "[17, 128]": 207.14855194091797,
  "[18, 4]": 59.33833122253418,
  "[18, 32]": 79.01263236999512,
  "[18, 128]": 207.60822296142578,
  "[19, 4]": 59.05914306640625,
  "[19, 32]": 78.05013656616211,
  "[19, 128]": 207.98683166503906,
  "[21, 4]": 59.74102020263672,
  "[21, 32]": 78.67550849914551,
  "[21, 128]": 208.4193229675293,
  "[22, 4]": 59.410810470581055,
  "[22, 32]": 78.78327369689941,
  "[22, 128]": 208.94336700439453,
  "[24, 4]": 59.284210205078125,
  "[24, 32]": 78.64761352539062,
  "[24, 128]": 209.17224884033203,
  "[25, 4]": 59.93914604187012,
  "[25, 32]": 78.46236228942871,
  "[25, 128]": 208.80770683288574,
  "[27, 4]": 59.41653251647949,
  "[27, 32]": 78.44233512878418,
  "[27, 128]": 208.71329307556152,
  "[29, 4]": 59.23771858215332,
  "[29, 32]": 78.26638221740723,
  "[29, 128]": 209.1238498687744,
  "[32, 4]": 59.36765670776367,
  "[32, 32]": 78.53293418884277,
  "[32, 128]": 211.81273460388184,
  "[34, 4]": 59.34596061706543,
  "[34, 32]": 78.53937149047852,
  "[34, 128]": 215.83986282348633,
  "[36, 4]": 59.526920318603516,
  "[36, 32]": 78.96137237548828,
  "[36, 128]": 217.5137996673584,
  "[39, 4]": 59.63397026062012,
  "[39, 32]": 78.81593704223633,
  "[39, 128]": 217.03743934631348,
  "[42, 4]": 59.542179107666016,
  "[42, 32]": 78.89485359191895,
  "[42, 128]": 217.42701530456543,
  "[45, 4]": 59.96584892272949,
  "[45, 32]": 78.68099212646484,
  "[45, 128]": 217.57125854492188,
  "[48, 4]": 59.60798263549805,
  "[48, 32]": 78.77659797668457,
  "[48, 128]": 220.9639549255371,
  "[51, 4]": 59.48591232299805,
  "[51, 32]": 79.37788963317871,
  "[51, 128]": 224.32708740234375,
  "[55, 4]": 59.639930725097656,
  "[55, 32]": 79.53405380249023,
  "[55, 128]": 226.14550590515137,
  "[59, 4]": 59.65447425842285,
  "[59, 32]": 80.28864860534668,
  "[59, 128]": 232.59472846984863,
  "[64, 4]": 59.74125862121582,
  "[64, 32]": 82.05437660217285,
  "[64, 128]": 234.6975803375244,
  "[68, 4]": 59.827566146850586,
  "[68, 32]": 81.10952377319336,
  "[68, 128]": 235.0618839263916,
  "[73, 4]": 60.01877784729004,
  "[73, 32]": 83.99200439453125,
  "[73, 128]": 242.92898178100586,
  "[78, 4]": 59.98873710632324,
  "[78, 32]": 82.31854438781738,
  "[78, 128]": 253.70860099792483,
  "[84, 4]": 59.88049507141113,
  "[84, 32]": 80.66892623901367,
  "[84, 128]": 251.42312049865725,
  "[90, 4]": 60.153961181640625,
  "[90, 32]": 86.93695068359375,
  "[90, 128]": 257.89856910705566,
  "[97, 4]": 60.30082702636719,
  "[97, 32]": 85.47186851501465,
  "[97, 128]": 263.92602920532227,
  "[103, 4]": 60.38856506347656,
  "[103, 32]": 86.91596984863281,
  "[103, 128]": 268.94497871398926,
  "[111, 4]": 60.18400192260742,
  "[111, 32]": 88.47284317016602,
  "[111, 128]": 285.57562828063965,
  "[119, 4]": 59.938669204711914,
  "[119, 32]": 87.54444122314453,
  "[119, 128]": 297.90472984313965,
  "[128, 4]": 60.185909271240234,
  "[128, 32]": 86.53712272644043,
  "[128, 128]": 305.4196834564209,
  "[137, 4]": 60.39285659790039,
  "[137, 32]": 86.95363998413086,
  "[137, 128]": 313.08746337890625,
  "[147, 4]": 60.13655662536621,
  "[147, 32]": 86.60078048706055,
  "[147, 128]": 324.64051246643066,
  "[157, 4]": 59.7987174987793,
  "[157, 32]": 87.00132369995117,
  "[157, 128]": 333.88519287109375,
  "[168, 4]": 59.987545013427734,
  "[168, 32]": 86.8368148803711,
  "[168, 128]": 342.82398223876953,
  "[181, 4]": 60.4550838470459,
  "[181, 32]": 86.99631690979004,
  "[181, 128]": 355.1945686340332,
  "[194, 4]": 59.99016761779785,
  "[194, 32]": 86.88974380493164,
  "[194, 128]": 364.70937728881836,
  "[207, 4]": 60.16230583190918,
  "[207, 32]": 87.23592758178711,
  "[207, 128]": 376.5983581542969,
  "[222, 4]": 60.9738826751709,
  "[222, 32]": 87.80503273010254,
  "[222, 128]": 401.5007019042969,
  "[238, 4]": 60.311317443847656,
  "[238, 32]": 88.2575511932373,
  "[238, 128]": 420.1359748840332,
  "[256, 4]": 60.469627380371094,
  "[256, 32]": 91.31050109863281,
  "[256, 128]": 438.490629196167,
  "[274, 4]": 60.78219413757324,
  "[274, 32]": 95.14856338500977,
  "[274, 128]": 458.8587284088135,
  "[294, 4]": 61.23089790344239,
  "[294, 32]": 95.84879875183105,
  "[294, 128]": 482.49125480651855,