{
  "0": 317.29698181152344,
  "1": 468.83583068847656,
  "2": 317.2492980957031,
  "3": 661.2026691436768,
  "4": 348.15192222595215,
  "5": 389.9800777435303,
  "6": 304.24952507019043,
  "7": 587.2046947479248,
  "8": 500.2057552337646,
  "9": 550.8804321289062,
  "10": 724.6410846710205,
  "11": 66.9240951538086,
  "12": 138.2732391357422,
  "13": 129.61864471435547,
  "14": 64.24069404602051,
  "15": 206.83884620666504,
  "16": 198.15325736999512,
  "17": 133.74686241149902,
  "18": 259.97400283813477,
  "19": 194.52452659606934,
  "20": 194.1204071044922,
  "21": 277.62889862060547,
  "22": 212.06259727478027,
  "23": 224.34353828430176,
  "24": 223.64258766174316,
  "25": 316.32542610168457,
  "26": 74.40567016601562,
  "27": 127.24995613098145,
  "28": 126.76000595092772,
  "29": 125.90527534484865,
  "30": 62.139034271240234,
  "31": 262.7301216125488,
  "32": 261.42120361328125,
  "33": 261.1052989959717,
  "34": 198.92215728759766,
  "35": 257.7662467956543,
  "36": 257.05456733703613,
  "37": 193.33720207214355,
  "38": 257.62319564819336,
  "39": 192.81625747680664,
  "40": 192.5945281982422,
  "41": 272.45521545410156,
  "42": 272.19414710998535,
  "43": 208.78314971923828,
  "44": 272.27044105529785,
  "45": 208.56261253356934,
  "46": 202.2552490234375,
  "47": 270.62296867370605,
  "48": 207.05342292785645,
  "49": 203.62257957458496,
  "50": 202.8191089630127,
  "51": 344.75207328796387,
  "52": 281.4352512359619,
  "53": 309.9346160888672,
  "54": 308.28237533569336,
  "55": 305.4201602935791,
  "56": 421.84948921203613,
  "57": 177.66475677490234,
  "58": 176.8958568572998,
  "59": 176.85174942016602,
  "60": 177.60753631591797,
  "61": 175.37474632263184,
  "62": 124.7680187225342,
  "63": 294.17872428894043,
  "64": 294.12031173706055,
  "65": 294.16441917419434,
  "66": 292.4072742462158,
  "67": 242.1867847442627,
  "68": 359.03215408325195,
  "69": 360.0728511810303,
  "70": 357.29169845581055,
  "71": 307.4789047241211,
  "72": 358.9129447937012,
  "73": 357.9437732696533,
  "74": 306.57172203063965,
  "75": 357.27739334106445,
  "76": 306.6432476043701,
  "77": 307.2941303253174,
  "78": 418.3661937713623,
  "79": 418.9789295196533,
  "80": 416.70799255371094,
  "81": 366.18709564208984,
  "82": 472.7292060852051,
  "83": 471.7075824737549,
  "84": 420.8552837371826,
  "85": 471.30346298217773,
  "86": 420.8648204803467,
  "87": 415.1761531829834,
  "88": 473.4921455383301,
  "89": 472.0461368560791,
  "90": 421.8554496765137,
  "91": 472.8507995605469,
  "92": 422.3358631134033,
  "93": 419.0683364868164,
  "94": 471.56572341918945,
  "95": 420.7491874694824,
  "96": 418.7798500061035,
  "97": 417.27423667907715,
  "98": 533.8966846466064,
  "99": 532.3147773742676,
  "100": 481.55665397644043,
  "101": 585.7861042022705,
  "102": 535.3116989135742,
  "103": 526.9432067871094,
  "104": 585.5715274810791,
  "105": 535.2473258972168,
  "106": 528.9113521575928,
  "107": 527.5189876556396,
  "108": 586.4381790161133,
  "109": 535.5894565582275,
  "110": 531.5613746643066,
  "111": 531.0380458831787,
  "112": 529.4132232666016,
  "113": 704.2598724365234,
  "114": 654.8738479614258,
  "115": 649.4665145874023,
  "116": 649.0659713745117,
  "117": 647.5114822387695,
  "118": 710.7329368591309,
  "119": 770.1528072357178,
  "120": 510.94651222229004,
  "121": 657.8850746154785,
  "122": 510.59007644653326,
  "123": 1045.7313060760498,
  "124": 597.5615978240967,
  "125": 665.0972366333008,
  "126": 533.837080001831,
  "127": 967.9901599884033,
  "128": 840.1298522949219,
  "129": 961.5910053253174,
  "130": 1168.4954166412354,
  "131": 124.60947036743164,
  "132": 243.04747581481934,
  "133": 241.3344383239746,
  "134": 121.72937393188477,
  "135": 367.36130714416504,
  "136": 365.7853603363037,
  "137": 245.89896202087402,
  "138": 490.6833171844482,
  "139": 370.4547882080078,
  "140": 370.85771560668945,
  "141": 506.20317459106445,
  "142": 385.76602935791016,
  "143": 512.3662948608398,
  "144": 501.19519233703613,
  "145": 575.4208564758301,
  "146": 145.1408863067627,
  "147": 256.9079399108887,
  "148": 239.35198783874512,
  "149": 239.05634880065918,
  "150": 120.8186149597168,
  "151": 414.14737701416016,
  "152": 413.3880138397217,
  "153": 414.2916202545166,
  "154": 296.70238494873047,
  "155": 489.00008201599115,
  "156": 488.84510993957514,
  "157": 370.29027938842773,
  "158": 488.71994018554693,
  "159": 370.78261375427246,
  "160": 370.6169128417969,
  "161": 502.7639865875244,
  "162": 502.7818679809571,
  "163": 384.42134857177734,
  "164": 621.7539310455322,
  "165": 503.4494400024414,
  "166": 501.1248588562012,
  "167": 620.5952167510986,
  "168": 502.6328563690186,
  "169": 501.6779899597168,
  "170": 501.3763904571534,
  "171": 641.9575214385986,
  "172": 523.7531661987305,
  "173": 550.2200126647949,
  "174": 545.1762676239014,
  "175": 542.1996116638184,
  "176": 698.1325149536133,
  "177": 307.2166442871094,
  "178": 380.2347183227539,
  "179": 379.45032119750977,
  "180": 379.4705867767334,
  "181": 380.2907466888428,
  "182": 286.8783473968506,
  "183": 588.4087085723877,
  "184": 587.0246887207031,
  "185": 587.54563331604,
  "186": 586.1055850982666,
  "187": 495.2573776245118,
  "188": 695.4443454742432,
  "189": 694.960355758667,
  "190": 696.3825225830078,
  "191": 603.0547618865967,
  "192": 695.2512264251709,
  "193": 696.2358951568604,
  "194": 602.8580665588379,
  "195": 696.4921951293945,
  "196": 603.5768985748291,
  "197": 604.5293807983398,
  "198": 807.7669143676758,
  "199": 807.5225353240967,
  "200": 808.025598526001,
  "201": 714.3735885620117,
  "202": 916.4726734161377,
  "203": 916.1055088043213,
  "204": 822.4093914031982,
  "205": 914.1302108764648,
  "206": 820.6427097320557,
  "207": 818.5124397277832,
  "208": 911.6339683532715,
  "209": 911.7376804351807,
  "210": 819.0393447875977,
  "211": 910.797119140625,
  "212": 818.636417388916,
  "213": 817.3322677612305,
  "214": 910.5908870697021,
  "215": 817.7924156188965,
  "216": 817.406177520752,
  "217": 817.2392845153809,
  "218": 1019.5124149322511,
  "219": 1019.1917419433594,
  "220": 927.6127815246582,
  "221": 1128.4911632537842,
  "222": 1034.9059104919434,
  "223": 1028.2373428344727,
  "224": 1131.2317848205566,
  "225": 1035.6497764587402,
  "226": 1030.6453704833984,
  "227": 1030.9827327728271,
  "228": 1124.4165897369385,
  "229": 1030.1482677459717,
  "230": 1028.5890102386475,
  "231": 1028.815507888794,
  "232": 1028.4364223480225,
  "233": 1331.2017917633057,
  "234": 1239.0244007110596,
  "235": 1236.9799613952637,
  "236": 1238.6107444763184,
  "237": 1236.8965148925781,
  "238": 1345.365047454834,
  "239": 1458.585262298584,
  "240": 2620.8925247192383,
  "241": 941.396951675415,
  "242": 913.5425090789795,
  "243": 1535.7065200805664,
  "244": 954.8699855804443,
  "245": 1011.0569000244142,
  "246": 882.3788166046143,
  "247": 1226.0329723358154,
  "248": 1276.0519981384277,
  "249": 1356.731653213501,
  "250": 1647.8729248046875,
  "251": 482.0835590362549,
  "252": 509.873628616333,
  "253": 508.39066505432123,
  "254": 387.65668869018555,
  "255": 488.2490634918213,
  "256": 517.4756050109863,
  "257": 515.972375869751,
  "258": 628.5297870635986,
  "259": 626.8811225891113,
  "260": 625.3397464752197,
  "261": 654.6473503112793,
  "262": 684.0479373931885,
  "263": 682.072639465332,
  "264": 676.6355037689209,
  "265": 842.975378036499,
  "266": 368.70598793029785,
  "267": 478.8851737976074,
  "268": 478.19972038269043,
  "269": 477.80871391296387,
  "270": 359.60912704467773,
  "271": 500.0293254852295,
  "272": 609.8067760467529,
  "273": 609.6112728118896,
  "274": 609.8723411560059,
  "275": 595.6101417541504,
  "276": 595.0915813446045,
  "277": 594.8054790496826,
  "278": 594.2404270172119,
  "279": 593.9221382141113,
  "280": 593.8637256622314,
  "281": 526.1445045471191,
  "282": 637.7387046813965,
  "283": 636.9662284851074,
  "284": 626.8584728240967,
  "285": 626.9776821136475,