{
  "0": 316.845178604126,
  "1": 434.4606399536133,
  "2": 317.232608795166,
  "3": 660.6030464172363,
  "4": 348.5405445098877,
  "5": 389.0872001647949,
  "6": 303.62963676452637,
  "7": 586.6384506225586,
  "8": 501.1379718780518,
  "9": 551.6517162322998,
  "10": 725.9392738342285,
  "11": 66.82991981506348,
  "12": 138.3841037750244,
  "13": 129.08935546875,
  "14": 64.15367126464844,
  "15": 207.01050758361816,
  "16": 197.80278205871582,
  "17": 133.64315032958984,
  "18": 259.9024772644043,
  "19": 194.87500190734863,
  "20": 194.4100856781006,
  "21": 277.6837348937988,
  "22": 212.45837211608887,
  "23": 225.2352237701416,
  "24": 223.66046905517578,
  "25": 316.68543815612793,
  "26": 74.05519485473633,
  "27": 127.11882591247557,
  "28": 126.76239013671874,
  "29": 125.78964233398438,
  "30": 62.198638916015625,
  "31": 262.90297508239746,
  "32": 261.72399520874023,
  "33": 261.7216110229492,
  "34": 199.1426944732666,
  "35": 258.1775188446045,
  "36": 257.3215961456299,
  "37": 193.2072639465332,
  "38": 257.21192359924316,
  "39": 193.1297779083252,
  "40": 192.72208213806152,
  "41": 272.442102432251,
  "42": 271.89016342163086,
  "43": 208.6806297302246,
  "44": 272.7997303009033,
  "45": 209.29694175720215,
  "46": 202.70109176635742,
  "47": 271.5718746185303,
  "48": 207.3967456817627,
  "49": 203.74298095703125,
  "50": 202.84414291381836,
  "51": 344.52080726623535,
  "52": 281.3434600830078,
  "53": 308.56966972351074,
  "54": 308.6543083190918,
  "55": 306.093692779541,
  "56": 421.51927947998047,
  "57": 177.37746238708496,
  "58": 177.1414279937744,
  "59": 176.9721508026123,
  "60": 176.9542694091797,
  "61": 175.8098602294922,
  "62": 124.65238571166994,
  "63": 295.0465679168701,
  "64": 295.487642288208,
  "65": 294.94762420654297,
  "66": 293.77102851867676,
  "67": 242.3989772796631,
  "68": 358.9284420013428,
  "69": 359.0738773345947,
  "70": 357.6517105102539,
  "71": 306.8709373474121,
  "72": 359.652042388916,
  "73": 357.88655281066895,
  "74": 307.9092502593994,
  "75": 357.9545021057129,
  "76": 307.1868419647217,
  "77": 306.71000480651855,
  "78": 419.13747787475586,
  "79": 418.8406467437744,
  "80": 417.7570343017578,
  "81": 366.93572998046875,
  "82": 473.73175621032715,
  "83": 472.2917079925537,
  "84": 421.5562343597412,
  "85": 472.17249870300293,
  "86": 421.1723804473877,
  "87": 415.4932498931885,
  "88": 474.32899475097656,
  "89": 473.2024669647217,
  "90": 422.5301742553711,
  "91": 473.630428314209,
  "92": 422.8544235229492,
  "93": 419.849157333374,
  "94": 472.3966121673584,
  "95": 421.5872287750244,
  "96": 420.6514358520508,
  "97": 417.8750514984131,
  "98": 534.7096920013428,
  "99": 533.6201190948486,
  "100": 482.53655433654785,
  "101": 586.4548683166504,
  "102": 535.7778072357178,
  "103": 527.6000499725342,
  "104": 591.5820598602295,
  "105": 535.895824432373,
  "106": 529.7517776489258,
  "107": 527.7681350708008,
  "108": 587.68630027771,
  "109": 536.7577075958252,
  "110": 532.294511795044,
  "111": 532.0143699645996,
  "112": 531.468391418457,
  "113": 705.5497169494629,
  "114": 654.975175857544,
  "115": 649.7716903686523,
  "116": 649.3532657623291,
  "117": 648.045539855957,
  "118": 712.50319480896,
  "119": 771.3258266448975,
  "120": 511.634349822998,
  "121": 657.3224067687988,
  "122": 510.4327201843261,
  "123": 1046.1390018463135,
  "124": 597.4555015563965,
  "125": 665.212869644165,
  "126": 533.8704586029053,
  "127": 967.8840637207031,
  "128": 840.3372764587402,
  "129": 961.2858295440674,
  "130": 1168.6241626739502,
  "131": 124.62019920349123,
  "132": 243.2870864868164,
  "133": 241.68014526367188,
  "134": 121.70076370239258,
  "135": 365.7341003417969,
  "136": 364.28093910217285,
  "137": 244.2026138305664,
  "138": 490.7262325286865,
  "139": 369.93980407714844,
  "140": 370.5763816833496,
  "141": 505.42712211608887,
  "142": 385.0078582763672,
  "143": 505.28049468994146,
  "144": 500.4715919494629,
  "145": 575.484037399292,
  "146": 144.50550079345703,
  "147": 240.15188217163086,
  "148": 239.55106735229492,
  "149": 239.31264877319336,
  "150": 120.74828147888184,
  "151": 414.1879081726074,
  "152": 413.56682777404785,
  "153": 413.93399238586426,
  "154": 296.71192169189453,
  "155": 489.25757408142084,
  "156": 488.8319969177246,
  "157": 370.44405937194824,
  "158": 488.8558387756347,
  "159": 370.14126777648926,
  "160": 370.5441951751709,
  "161": 502.8104782104492,
  "162": 503.2885074615479,
  "163": 384.5846652984619,
  "164": 622.0316886901855,
  "165": 503.0417442321777,
  "166": 500.7791519165039,
  "167": 620.9695339202881,
  "168": 502.47550010681147,
  "169": 501.5075206756592,
  "170": 501.19400024414057,
  "171": 641.0574913024902,
  "172": 522.9091644287109,
  "173": 548.8502979278564,
  "174": 544.5337295532227,
  "175": 542.6514148712158,
  "176": 699.7489929199219,
  "177": 307.31797218322754,
  "178": 380.9356689453125,
  "179": 380.2335262298584,
  "180": 380.3598880767822,
  "181": 381.0608386993408,
  "182": 286.79370880126953,
  "183": 588.68408203125,
  "184": 587.9604816436768,
  "185": 587.4300003051758,
  "186": 588.4420871734619,
  "187": 495.7711696624756,
  "188": 696.1703300476074,
  "189": 696.178674697876,
  "190": 697.0512866973877,
  "191": 603.9988994598389,
  "192": 697.0846652984619,
  "193": 697.2217559814453,
  "194": 603.8928031921387,
  "195": 704.1490077972412,
  "196": 603.6663055419922,
  "197": 605.0217151641846,
  "198": 808.5274696350098,
  "199": 808.7241649627686,
  "200": 809.5049858093262,
  "201": 715.4679298400879,
  "202": 916.0900115966797,
  "203": 916.7754650115967,
  "204": 823.1115341186523,
  "205": 914.7131443023682,
  "206": 820.8322525024414,
  "207": 818.5648918151855,
  "208": 912.3611450195312,
  "209": 912.3265743255615,
  "210": 818.8211917877197,
  "211": 911.7650985717773,
  "212": 818.9845085144043,
  "213": 818.1226253509521,
  "214": 911.4420413970947,
  "215": 818.4814453125,
  "216": 818.1536197662354,
  "217": 817.9068565368652,
  "218": 1020.6282138824463,
  "219": 1020.362377166748,
  "220": 927.8321266174316,
  "221": 1129.5199394226074,
  "222": 1035.369634628296,
  "223": 1028.8536548614502,
  "224": 1130.4593086242676,
  "225": 1036.5915298461914,
  "226": 1031.334400177002,
  "227": 1030.9100151062012,
  "228": 1125.1091957092285,
  "229": 1031.0781002044678,
  "230": 1029.1826725006104,
  "231": 1029.2935371398926,
  "232": 1029.1671752929688,
  "233": 1332.78489112854,
  "234": 1240.4024600982666,
  "235": 1238.093376159668,
  "236": 1237.8811836242676,
  "237": 1237.6463413238525,
  "238": 1347.0852375030518,
  "239": 1457.5660228729248
}