{
  "0": 319.0433979034424,
  "1": 442.80529022216797,
  "2": 317.3661231994629,
  "3": 628.1483173370361,
  "4": 349.21884536743164,
  "5": 390.4843330383301,
  "6": 304.65126037597656,
  "7": 547.3518371582031,
  "8": 524.5018005371094,
  "9": 520.7335948944092,
  "10": 973.128080368042,
  "11": 66.68448448181152,
  "12": 138.5784149169922,
  "13": 129.49347496032715,
  "14": 64.30625915527344,
  "15": 240.28778076171875,
  "16": 245.94783782958982,
  "17": 135.87236404418945,
  "18": 237.1048927307129,
  "19": 197.70264625549316,
  "20": 134.18316841125488,
  "21": 325.90270042419434,
  "22": 202.4221420288086,
  "23": 202.5449275970459,
  "24": 200.93202590942383,
  "25": 316.91551208496094,
  "26": 74.4020938873291,
  "27": 127.70414352416992,
  "28": 127.23565101623534,
  "29": 126.31773948669435,
  "30": 62.25705146789551,
  "31": 334.4714641571045,
  "32": 239.00270462036133,
  "33": 218.41168403625488,
  "34": 133.15200805664062,
  "35": 243.0403232574463,
  "36": 214.2775058746338,
  "37": 192.77691841125488,
  "38": 211.85755729675293,
  "39": 192.52538681030273,
  "40": 129.75215911865234,
  "41": 297.7883815765381,
  "42": 291.46671295166016,
  "43": 210.5081081390381,
  "44": 292.1450138092041,
  "45": 269.5143222808838,
  "46": 204.3628692626953,
  "47": 288.07759284973145,
  "48": 263.5681629180908,
  "49": 263.0901336669922,
  "50": 200.41584968566895,
  "51": 345.90959548950195,
  "52": 282.3364734649658,
  "53": 307.997465133667,
  "54": 307.01160430908203,
  "55": 305.33313751220703,
  "56": 421.29993438720703,
  "57": 177.5217056274414,
  "58": 177.20937728881836,
  "59": 177.24275588989258,
  "60": 177.3512363433838,
  "61": 175.69541931152344,
  "62": 125.53215026855469,
  "63": 308.87842178344727,
  "64": 311.3877773284912,
  "65": 314.81146812438965,
  "66": 294.9368953704834,
  "67": 292.38224029541016,
  "68": 307.1761131286621,
  "69": 309.4601631164551,
  "70": 296.25654220581055,
  "71": 291.4011478424072,
  "72": 305.2997589111328,
  "73": 296.1111068725586,
  "74": 290.79198837280273,
  "75": 291.3331985473633,
  "76": 290.830135345459,
  "77": 239.10284042358398,
  "78": 438.7986660003662,
  "79": 437.5743865966797,
  "80": 410.75825691223145,
  "81": 405.4582118988037,
  "82": 440.6106472015381,
  "83": 415.15469551086426,
  "84": 407.8042507171631,
  "85": 410.5985164642334,
  "86": 407.6504707336426,
  "87": 400.56347846984863,
  "88": 435.636043548584,
  "89": 408.017635345459,
  "90": 402.91309356689453,
  "91": 408.54692459106445,
  "92": 413.95068168640137,
  "93": 401.5922546386719,
  "94": 404.9348831176758,
  "95": 402.8201103210449,
  "96": 401.4158248901367,
  "97": 350.4002094268799,
  "98": 535.2771282196045,
  "99": 533.2791805267334,
  "100": 483.72507095336914,
  "101": 587.8889560699463,
  "102": 537.2869968414307,
  "103": 529.0436744689941,
  "104": 587.0068073272705,
  "105": 537.177324295044,
  "106": 531.2657356262207,
  "107": 529.6289920806885,
  "108": 588.2811546325684,
  "109": 538.262128829956,
  "110": 533.2207679748535,
  "111": 532.8917503356934,
  "112": 531.7986011505127,
  "113": 706.3233852386475,
  "114": 656.3758850097656,
  "115": 652.090311050415,
  "116": 650.7992744445801,
  "117": 649.6405601501465,
  "118": 712.9418849945068,
  "119": 773.2462882995605,
  "120": 512.2947692871094,
  "121": 658.8912010192871,
  "122": 511.4638805389405,
  "123": 1032.9699516296387,
  "124": 597.6951122283936,
  "125": 664.8695468902588,
  "126": 533.8239669799805,
  "127": 881.0186386108398,
  "128": 847.6972579956055,
  "129": 843.3640003204346,
  "130": 1559.7939491271973,
  "131": 124.971866607666,
  "132": 243.65901947021484,
  "133": 241.9435977935791,
  "134": 121.8116283416748,
  "135": 303.5140037536621,
  "136": 389.85729217529297,
  "137": 249.7386932373047,
  "138": 380.32054901123047,
  "139": 366.971492767334,
  "140": 248.39520454406738,
  "141": 516.9332027435303,
  "142": 375.8978843688965,
  "143": 376.8491744995117,
  "144": 375.443696975708,
  "145": 576.9705772399902,
  "146": 144.49834823608398,
  "147": 240.27585983276367,
  "148": 239.50576782226562,
  "149": 239.4235134124756,
  "150": 120.85795402526855,
  "151": 477.22816467285156,
  "152": 389.0085220336914,
  "153": 383.9528560638428,
  "154": 249.92108345031735,
  "155": 382.27200508117676,
  "156": 380.24187088012695,
  "157": 365.10229110717773,
  "158": 379.1189193725586,
  "159": 364.6862506866455,
  "160": 247.67279624938965,
  "161": 479.09021377563477,
  "162": 518.7547206878662,
  "163": 379.9879550933838,
  "164": 514.904260635376,
  "165": 494.41695213317877,
  "166": 377.6562213897705,
  "167": 509.3872547149658,
  "168": 492.5537109375,
  "169": 494.0593242645264,
  "170": 374.93348121643066,
  "171": 645.0510025024414,
  "172": 526.4806747436523,
  "173": 551.4156818389893,
  "174": 546.8297004699707,
  "175": 544.4180965423584,
  "176": 701.0149955749512,
  "177": 307.99031257629395,
  "178": 381.13951683044434,
  "179": 380.4910182952881,
  "180": 380.43737411499023,
  "181": 381.1180591583252,
  "182": 288.1312370300293,
  "183": 568.4733390808105,
  "184": 615.5669689178467,
  "185": 605.1492691040039,
  "186": 599.7264385223389,
  "187": 518.6939239501953,
  "188": 602.6935577392578,
  "189": 606.5189838409424,
  "190": 601.9234657287598,
  "191": 590.6808376312256,
  "192": 600.9995937347412,
  "193": 599.1864204406738,
  "194": 591.1004543304443,
  "195": 597.996711730957,
  "196": 590.3220176696777,
  "197": 500.4525184631348,
  "198": 747.6162910461426,
  "199": 826.6294002532959,
  "200": 818.3622360229492,
  "201": 733.029842376709,
  "202": 820.9705352783203,
  "203": 815.4141902923584,
  "204": 804.680585861206,
  "205": 813.6200904846191,
  "206": 804.2144775390625,
  "207": 728.8050651550293,
  "208": 816.1544799804688,
  "209": 813.1098747253418,
  "210": 803.4014701843262,
  "211": 816.1354064941406,
  "212": 804.7199249267578,
  "213": 803.7078380584717,
  "214": 810.1451396942139,
  "215": 802.9091358184814,
  "216": 803.062915802002,
  "217": 710.8163833618164,
  "218": 1020.1990604400634,
  "219": 1020.3659534454347,
  "220": 929.1326999664307,
  "221": 1129.915714263916,
  "222": 1036.1361503601074,
  "223": 1030.0350189208984,
  "224": 1131.2127113342285,
  "225": 1037.8849506378174,
  "226": 1032.8352451324463,
  "227": 1032.2511196136475,
  "228": 1126.030683517456,
  "229": 1032.090187072754,
  "230": 1030.4152965545654,
  "231": 1030.350923538208,
  "232": 1030.2245616912842,
  "233": 1332.8742980957031,
  "234": 1241.5742874145508,
  "235": 1238.8122081756592,
  "236": 1239.1126155853271,
  "237": 1238.3615970611572,
  "238": 1347.9745388031006,
  "239": 1460.0563049316406
}