{
  "0": 315.84620475769043,
  "1": 432.54971504211426,
  "2": 316.99419021606445,
  "3": 661.015510559082,
  "4": 348.59299659729004,
  "5": 389.8882865905762,
  "6": 303.347110748291,
  "7": 587.5146389007568,
  "8": 524.0583419799805,
  "9": 521.4059352874756,
  "10": 725.6424427032471,
  "11": 67.04568862915039,
  "12": 138.67974281311035,
  "13": 129.67348098754883,
  "14": 64.36586380004883,
  "15": 207.56006240844727,
  "16": 256.3643455505371,
  "17": 135.44797897338867,
  "18": 236.79852485656738,
  "19": 197.32952117919922,
  "20": 133.74567031860352,
  "21": 277.7707576751709,
  "22": 212.31651306152344,
  "23": 202.1634578704834,
  "24": 200.52552223205566,
  "25": 316.38503074645996,
  "26": 74.69534873962402,
  "27": 127.19869613647461,
  "28": 126.54781341552734,
  "29": 125.77652931213377,
  "30": 62.10446357727051,
  "31": 263.0174160003662,
  "32": 238.33036422729492,
  "33": 218.21975708007812,
  "34": 132.57265090942383,
  "35": 233.76226425170898,
  "36": 213.9413356781006,
  "37": 192.3692226409912,
  "38": 211.8551731109619,
  "39": 192.19636917114258,
  "40": 129.08339500427246,
  "41": 272.02725410461426,
  "42": 271.60048484802246,
  "43": 208.5590362548828,
  "44": 291.30101203918457,
  "45": 268.9528465270996,
  "46": 204.24127578735352,
  "47": 286.8461608886719,
  "48": 262.4392509460449,
  "49": 262.71581649780273,
  "50": 199.99027252197266,
  "51": 344.5589542388916,
  "52": 281.4209461212158,
  "53": 308.81762504577637,
  "54": 307.919979095459,
  "55": 306.60152435302734,
  "56": 423.5827922821045,
  "57": 177.76727676391602,
  "58": 177.6576042175293,
  "59": 177.4466037750244,
  "60": 177.459716796875,
  "61": 175.94218254089355,
  "62": 125.58341026306152,
  "63": 297.23525047302246,
  "64": 311.8753433227539,
  "65": 313.96031379699707,
  "66": 293.78652572631836,
  "67": 290.6477451324463,
  "68": 306.7171573638916,
  "69": 308.5446357727051,
  "70": 296.24104499816895,
  "71": 292.0269966125488,
  "72": 306.2021732330322,
  "73": 295.72606086730957,
  "74": 290.68470001220703,
  "75": 291.27001762390137,
  "76": 290.6835079193115,
  "77": 239.1350269317627,
  "78": 419.614315032959,
  "79": 419.48556900024414,
  "80": 418.0419445037842,
  "81": 368.2231903076172,
  "82": 440.295934677124,
  "83": 414.3941402435303,
  "84": 405.75504302978516,
  "85": 409.38615798950195,
  "86": 405.9147834777832,
  "87": 399.86252784729004,
  "88": 436.25712394714355,
  "89": 414.0162467956543,
  "90": 402.50182151794434,
  "91": 408.3681106567383,
  "92": 413.6538505554199,
  "93": 401.4265537261963,
  "94": 404.58202362060547,
  "95": 401.9331932067871,
  "96": 401.09753608703613,
  "97": 351.19056701660156,
  "98": 534.9087715148926,
  "99": 533.607006072998,
  "100": 483.45088958740234,
  "101": 586.9901180267334,
  "102": 536.3738536834717,
  "103": 528.5429954528809,
  "104": 589.3492698669434,
  "105": 537.9390716552734,
  "106": 531.2860012054443,
  "107": 530.6684970855713,
  "108": 588.2585048675537,
  "109": 537.0628833770752,
  "110": 532.6879024505615,
  "111": 531.9619178771973,
  "112": 530.9295654296875,
  "113": 707.247257232666,
  "114": 656.2209129333496,
  "115": 651.8030166625977,
  "116": 650.9935855865479,
  "117": 649.2054462432861,
  "118": 712.515115737915,
  "119": 771.5928554534912,
  "120": 514.0328407287598,
  "121": 657.5393676757812,
  "122": 510.7653141021728,
  "123": 1046.4906692504883,
  "124": 597.3160266876221,
  "125": 664.8480892181396,
  "126": 533.8513851165771,
  "127": 968.017578125,
  "128": 847.4135398864746,
  "129": 842.9956436157227,
  "130": 1169.0998077392578,
  "131": 124.7382164001465,
  "132": 243.26562881469727,
  "133": 241.66107177734375,
  "134": 121.8271255493164,
  "135": 366.23358726501465,
  "136": 387.54940032958984,
  "137": 249.10807609558105,
  "138": 379.29296493530273,
  "139": 365.7567501068115,
  "140": 247.73836135864255,
  "141": 505.6500434875488,
  "142": 385.359525680542,
  "143": 376.3079643249512,
  "144": 375.2017021179199,
  "145": 574.6877193450928,
  "146": 144.35172080993652,
  "147": 240.1578426361084,
  "148": 239.63093757629395,
  "149": 239.20655250549316,
  "150": 120.8341121673584,
  "151": 413.6514663696289,
  "152": 388.0488872528076,
  "153": 383.2721710205078,
  "154": 249.50742721557617,
  "155": 381.8225860595703,
  "156": 380.17988204956055,
  "157": 364.7136688232422,
  "158": 377.85887718200684,
  "159": 364.2559051513672,
  "160": 247.502326965332,
  "161": 502.90226936340326,
  "162": 502.69484519958496,
  "163": 384.3724727630615,
  "164": 514.3344402313232,
  "165": 494.7268962860107,
  "166": 377.6073455810547,
  "167": 508.7983608245849,
  "168": 492.50483512878424,
  "169": 493.9603805541993,
  "170": 375.37574768066406,
  "171": 641.5271759033203,
  "172": 523.2632160186768,
  "173": 548.8026142120361,
  "174": 545.3312397003174,
  "175": 541.9397354125977,
  "176": 699.4235515594482,
  "177": 307.6815605163574,
  "178": 380.94282150268555,
  "179": 380.4051876068115,
  "180": 380.37657737731934,
  "181": 380.6912899017334,
  "182": 288.008451461792,
  "183": 588.9356136322021,
  "184": 613.5177612304688,
  "185": 606.8325042724609,
  "186": 600.583553314209,
  "187": 519.1361904144287,
  "188": 602.337121963501,
  "189": 606.6668033599854,
  "190": 601.4156341552734,
  "191": 590.1515483856201,
  "192": 600.5275249481201,
  "193": 600.5704402923584,
  "194": 591.118335723877,
  "195": 597.6903438568115,
  "196": 589.8725986480713,
  "197": 499.0649223327637,
  "198": 809.3583583831787,
  "199": 808.9756965637207,
  "200": 810.1248741149902,
  "201": 715.7111167907715,
  "202": 818.8581466674805,
  "203": 813.7667179107666,
  "204": 803.9951324462891,
  "205": 815.0434494018555,
  "206": 804.0523529052734,
  "207": 729.5477390289307,
  "208": 815.81711769104,
  "209": 812.5162124633789,
  "210": 804.4791221618652,
  "211": 815.3748512268066,
  "212": 803.4896850585938,
  "213": 803.1880855560303,
  "214": 810.2679252624512,
  "215": 802.4930953979492,
  "216": 802.3965358734131,
  "217": 709.381103515625,
  "218": 1020.5256938934327,
  "219": 1020.3230381011963,
  "220": 928.9562702178955,
  "221": 1129.7082901000977,
  "222": 1035.5496406555176,
  "223": 1029.1385650634766,
  "224": 1130.9754848480225,
  "225": 1037.0850563049316,
  "226": 1032.1009159088135,
  "227": 1032.1569442749023,
  "228": 1125.3297328948975,
  "229": 1030.6334495544434,
  "230": 1029.435396194458,
  "231": 1029.4139385223389,
  "232": 1029.2434692382812,
  "233": 1333.0495357513428,
  "234": 1240.2737140655518,
  "235": 1238.945722579956,
  "236": 1238.4545803070068,
  "237": 1238.1494045257568,
  "238": 1346.0183143615723,
  "239": 1457.2298526763916,
  "240": 2624.4401931762695,
  "241": 941.7498111724854,
  "242": 913.4745597839355,
  "243": 1535.1295471191406,
  "244": 955.1131725311279,
  "245": 1010.7696056365968,
  "246": 882.2739124298096,
  "247": 1227.3263931274414,
  "248": 1325.5298137664795,
  "249": 1310.2781772613525,
  "250": 1649.0304470062256,
  "251": 481.8141460418701,
  "252": 510.31827926635737,
  "253": 508.63146781921387,
  "254": 387.77947425842285,
  "255": 488.49344253540033,
  "256": 648.7822532653809,
  "257": 508.9664459228516,
  "258": 643.5322761535645,
  "259": 631.18577003479,
  "260": 511.326789855957,
  "261": 653.4600257873535,
  "262": 684.7238540649414,
  "263": 648.6988067626953,
  "264": 650.0792503356934,
  "265": 839.7865295410156,
  "266": 368.1612014770508,
  "267": 478.7909984588623,
  "268": 478.2700538635254,
  "269": 477.94342041015625,
  "270": 359.3790531158447,
  "271": 500.10204315185547,
  "272": 625.307559967041,
  "273": 623.7101554870605,
  "274": 486.38105392456055,
  "275": 618.1371212005615,
  "276": 616.9986724853516,
  "277": 602.4420261383057,
  "278": 614.3844127655029,
  "279": 602.196455001831,
  "280": 484.1148853302002,
  "281": 525.4220962524414,
  "282": 637.4895572662354,
  "283": 636.7993354797363,
  "284": 755.9776306152344,
  "285": 735.6441020965576,